[{"time":0,"angle":225,"type":"side","tap":true},{"angle":202.5,"time":0.25,"type":"block"},{"angle":180,"time":0.5,"type":"block"},{"angle":157.5,"time":0.75,"type":"block"},{"angle":135,"time":1,"type":"block"},{"angle":157.5,"time":1.25,"type":"block"},{"time":1.5,"angle":180,"type":"block","tap":true},{"time":2,"angle":337.5,"type":"side","tap":true},{"angle":360,"time":2.25,"type":"block"},{"angle":22.5,"time":2.5,"type":"block"},{"angle":45,"time":2.75,"type":"block"},{"angle":67.5,"time":3,"type":"block"},{"angle":45,"time":3.25,"type":"block"},{"time":3.5,"angle":22.5,"type":"block","tap":true},{"time":4,"angle":292.5,"type":"side","tap":true},{"angle":270,"time":4.25,"type":"block"},{"angle":247.5,"time":4.5,"type":"block"},{"angle":225,"time":4.75,"type":"block"},{"angle":202.5,"time":5,"type":"block"},{"angle":225,"time":5.25,"type":"block"},{"time":5.5,"angle":247.5,"type":"block","tap":true},{"time":6,"angle":292.5,"type":"block","tap":true},{"angle":270,"time":6.5,"type":"block"},{"angle":281.25,"time":6.625,"type":"block"},{"time":7,"angle":258.75,"type":"block","tap":true},{"angle":303.75,"time":7.5,"type":"block"},{"time":8,"angle":-315,"type":"side","tap":true},{"angle":67.5,"time":8.25,"type":"block"},{"angle":90,"time":8.5,"type":"block"},{"angle":112.5,"time":8.75,"type":"block"},{"angle":135,"time":9,"type":"block"},{"angle":112.5,"time":9.25,"type":"block"},{"time":9.5,"angle":90,"type":"block","tap":true},{"time":10,"angle":-382.5,"type":"side","tap":true},{"angle":-405,"time":10.25,"type":"block"},{"angle":-67.5,"time":10.5,"type":"block"},{"angle":-90,"time":10.75,"type":"block"},{"angle":-112.5,"time":11,"type":"block"},{"angle":-90,"time":11.25,"type":"block"},{"time":11.5,"angle":-67.5,"type":"block","tap":true},{"time":12,"angle":-292.5,"type":"side","tap":true},{"angle":-270,"time":12.25,"type":"block"},{"angle":-247.5,"time":12.5,"type":"block"},{"angle":-225,"time":12.75,"type":"block"},{"angle":-202.5,"time":13,"type":"block"},{"angle":-225,"time":13.25,"type":"block"},{"time":13.5,"angle":-247.5,"type":"block","tap":true},{"time":14,"angle":405,"type":"block","tap":true},{"angle":382.5,"time":14.5,"type":"block"},{"angle":393.75,"time":14.625,"type":"block"},{"time":15,"angle":371.25,"type":"block","tap":true},{"angle":67.5,"time":15.5,"type":"block"},{"time":16,"angle":-45,"type":"side","tap":true},{"angle":-67.5,"time":16.25,"type":"block"},{"angle":-90,"time":16.5,"type":"block"},{"angle":-112.5,"time":16.75,"type":"block"},{"angle":-135,"time":17,"type":"block"},{"angle":-112.5,"time":17.25,"type":"block"},{"time":17.5,"angle":-90,"type":"block","tap":true},{"time":18,"angle":67.5,"type":"side","tap":true},{"angle":90,"time":18.25,"type":"block"},{"angle":-247.5,"time":18.5,"type":"block"},{"angle":-225,"time":18.75,"type":"block"},{"angle":-202.5,"time":19,"type":"block"},{"angle":-225,"time":19.25,"type":"block"},{"time":19.5,"angle":-247.5,"type":"block","tap":true},{"time":20,"angle":22.5,"type":"side","tap":true},{"angle":0,"time":20.25,"type":"block"},{"angle":-22.5,"time":20.5,"type":"block"},{"angle":-45,"time":20.75,"type":"block"},{"angle":-67.5,"time":21,"type":"block"},{"angle":-45,"time":21.25,"type":"block"},{"time":21.5,"angle":-22.5,"type":"block","tap":true},{"time":22,"angle":22.5,"type":"block","tap":true},{"angle":0,"time":22.5,"type":"block"},{"angle":11.25,"time":22.625,"type":"block"},{"time":23,"angle":-11.25,"type":"block","tap":true},{"angle":33.75,"time":23.5,"type":"block"},{"time":24,"angle":-585,"type":"side","tap":true},{"angle":-202.5,"time":24.25,"type":"block"},{"angle":-180,"time":24.5,"type":"block"},{"angle":-157.5,"time":24.75,"type":"block"},{"angle":-135,"time":25,"type":"block"},{"angle":-157.5,"time":25.25,"type":"block"},{"time":25.5,"angle":-180,"type":"block","tap":true},{"time":26,"angle":-652.5,"type":"side","tap":true},{"angle":-675,"time":26.25,"type":"block"},{"angle":-337.5,"time":26.5,"type":"block"},{"angle":-360,"time":26.75,"type":"block"},{"angle":-382.5,"time":27,"type":"block"},{"angle":-360,"time":27.25,"type":"block"},{"time":27.5,"angle":-337.5,"type":"block","tap":true},{"time":28,"angle":-562.5,"type":"side","tap":true},{"angle":-540,"time":28.25,"type":"block"},{"angle":-517.5,"time":28.5,"type":"block"},{"angle":-495,"time":28.75,"type":"block"},{"angle":-472.5,"time":29,"type":"block"},{"angle":-495,"time":29.25,"type":"block"},{"time":29.5,"angle":-517.5,"type":"block","tap":true},{"time":30,"angle":135,"type":"block","tap":true},{"angle":112.5,"time":30.5,"type":"block"},{"angle":123.75,"time":30.625,"type":"block"},{"time":31,"angle":101.25,"type":"block","tap":true},{"angle":67.5,"time":31.5,"type":"block"},{"angle":22.5,"time":32,"type":"extraTap"},{"time":32,"duration":0.5,"angle":90,"type":"hold","angle2":67.5},{"time":32,"duration":0.5,"angle":112.5,"type":"hold","angle2":90},{"time":32.75,"duration":0.5,"angle":67.5,"type":"hold","angle2":90},{"time":32.75,"duration":0.5,"angle":90,"type":"hold","angle2":112.5},{"angle":67.5,"time":33.5,"type":"block"},{"time":34,"duration":0.5,"angle":0,"type":"hold","angle2":-22.5},{"time":34,"duration":0.5,"angle":22.5,"type":"hold","angle2":0},{"time":34.75,"duration":0.5,"angle":315,"type":"hold","angle2":292.5},{"time":34.75,"duration":0.5,"angle":337.5,"type":"hold","angle2":315},{"angle":270,"time":35.5,"type":"block"},{"time":36,"duration":0.5,"angle":-22.5,"type":"hold","angle2":0},{"time":36,"duration":0.5,"angle":-45,"type":"hold","angle2":-22.5},{"time":36.75,"duration":0.5,"angle":-337.5,"type":"hold","angle2":-292.5},{"time":36.75,"duration":0.5,"angle":-360,"type":"hold","angle2":-315},{"angle":90,"time":37.5,"type":"block"},{"angle":292.5,"time":34,"type":"extraTap"},{"angle":22.5,"time":36,"type":"extraTap"},{"time":38,"angle":135,"type":"block","tap":true},{"angle":90,"time":38.5,"type":"block"},{"angle":90,"time":38.75,"type":"block"},{"time":39,"angle":112.5,"type":"block","tap":true},{"angle":67.5,"time":38.625,"type":"block"},{"angle":45,"time":39.5,"type":"block"},{"angle":-202.5,"time":40,"type":"extraTap"},{"time":40,"duration":0.5,"angle":-22.5,"type":"hold","angle2":-45},{"time":40,"duration":0.5,"angle":0,"type":"hold","angle2":-22.5},{"time":40.75,"duration":0.5,"angle":-45,"type":"hold","angle2":-22.5},{"time":40.75,"duration":0.5,"angle":-22.5,"type":"hold","angle2":0},{"angle":22.5,"time":41.5,"type":"block"},{"time":42,"duration":0.5,"angle":90,"type":"hold","angle2":112.5},{"time":42,"duration":0.5,"angle":67.5,"type":"hold","angle2":90},{"time":42.75,"duration":0.5,"angle":-225,"type":"hold","angle2":-202.5},{"time":42.75,"duration":0.5,"angle":-247.5,"type":"hold","angle2":-225},{"angle":-180,"time":43.5,"type":"block"},{"time":44,"duration":0.5,"angle":-247.5,"type":"hold","angle2":-270},{"time":44,"duration":0.5,"angle":-225,"type":"hold","angle2":-247.5},{"time":44.75,"duration":0.5,"angle":67.5,"type":"hold","angle2":22.5},{"time":44.75,"duration":0.5,"angle":90,"type":"hold","angle2":45},{"angle":-360,"time":45.5,"type":"block"},{"angle":-202.5,"time":42,"type":"extraTap"},{"angle":-292.5,"time":44,"type":"extraTap"},{"time":46,"angle":-405,"type":"block","tap":true},{"angle":22.5,"time":46.5,"type":"block"},{"angle":67.5,"time":46.875,"type":"block"},{"time":47,"angle":90,"type":"block","tap":true},{"angle":45,"time":46.625,"type":"block"},{"angle":45,"time":47.5,"type":"block"},{"angle":-202.5,"time":48,"type":"extraTap"},{"time":48,"duration":0.5,"angle":-22.5,"type":"hold","angle2":-45},{"time":48,"duration":0.5,"angle":0,"type":"hold","angle2":-22.5},{"time":48.75,"duration":0.5,"angle":-45,"type":"hold","angle2":-67.5},{"time":48.75,"duration":0.5,"angle":-67.5,"type":"hold","angle2":-90},{"angle":315,"time":49.5,"type":"block"},{"time":50,"duration":0.5,"angle":22.5,"type":"hold","angle2":45},{"time":50,"duration":0.5,"angle":0,"type":"hold","angle2":22.5},{"time":50.75,"duration":0.5,"angle":405,"type":"hold","angle2":382.5},{"time":50.75,"duration":0.5,"angle":427.5,"type":"hold","angle2":405},{"angle":0,"time":51.5,"type":"block"},{"time":52,"duration":0.5,"angle":-45,"type":"hold","angle2":-67.5},{"time":52,"duration":0.5,"angle":-22.5,"type":"hold","angle2":-45},{"time":52.75,"duration":0.5,"angle":270,"type":"hold","angle2":225},{"time":52.75,"duration":0.5,"angle":292.5,"type":"hold","angle2":247.5},{"angle":-157.5,"time":53.5,"type":"block"},{"angle":-270,"time":50,"type":"extraTap"},{"angle":-90,"time":52,"type":"extraTap"},{"time":54,"angle":-202.5,"type":"block","tap":true},{"angle":-247.5,"time":54.5,"type":"block"},{"angle":67.5,"time":54.75,"type":"block"},{"time":55,"angle":22.5,"type":"block","tap":true},{"angle":-270,"time":54.625,"type":"block"},{"angle":337.5,"time":55.5,"type":"block"},{"angle":225,"time":56,"type":"extraTap"},{"time":56,"duration":0.5,"angle":45,"type":"hold","angle2":67.5},{"time":56,"duration":0.5,"angle":22.5,"type":"hold","angle2":45},{"time":56.75,"duration":0.5,"angle":67.5,"type":"hold","angle2":45},{"time":56.75,"duration":0.5,"angle":45,"type":"hold","angle2":22.5},{"angle":0,"time":57.5,"type":"block"},{"time":58,"duration":0.5,"angle":-67.5,"type":"hold","angle2":-90},{"time":58,"duration":0.5,"angle":-45,"type":"hold","angle2":-67.5},{"time":58.75,"duration":0.5,"angle":247.5,"type":"hold","angle2":225},{"time":58.75,"duration":0.5,"angle":270,"type":"hold","angle2":247.5},{"angle":202.5,"time":59.5,"type":"block"},{"time":60,"duration":0.5,"angle":270,"type":"hold","angle2":292.5},{"time":60,"duration":0.5,"angle":247.5,"type":"hold","angle2":270},{"time":60.75,"duration":0.5,"angle":-45,"type":"hold","angle2":0},{"time":60.75,"duration":0.5,"angle":-67.5,"type":"hold","angle2":-22.5},{"angle":382.5,"time":61.5,"type":"block"},{"angle":225,"time":58,"type":"extraTap"},{"angle":315,"time":60,"type":"extraTap"},{"time":62,"angle":427.5,"type":"block","tap":true},{"angle":0,"time":62.5,"type":"block"},{"angle":-45,"time":62.875,"type":"block"},{"time":63,"angle":-67.5,"type":"block","tap":true},{"angle":-22.5,"time":62.625,"type":"block"},{"angle":-22.5,"time":63.5,"type":"block"},{"angle":-135,"time":64,"type":"extraTap"},{"time":64,"duration":0.5,"angle":-315,"type":"hold","angle2":-292.5},{"time":64,"duration":0.5,"angle":-337.5,"type":"hold","angle2":-315},{"time":64.75,"duration":0.5,"angle":-292.5,"type":"hold","angle2":-315},{"time":64.75,"duration":0.5,"angle":-315,"type":"hold","angle2":-337.5},{"angle":-292.5,"time":65.5,"type":"block"},{"time":66,"duration":0.5,"angle":-225,"type":"hold","angle2":-202.5},{"time":66,"duration":0.5,"angle":-247.5,"type":"hold","angle2":-225},{"time":66.75,"duration":0.5,"angle":-540,"type":"hold","angle2":-517.5},{"time":66.75,"duration":0.5,"angle":-562.5,"type":"hold","angle2":-540},{"angle":-495,"time":67.5,"type":"block"},{"time":68,"duration":0.5,"angle":-202.5,"type":"hold","angle2":-225},{"time":68,"duration":0.5,"angle":-180,"type":"hold","angle2":-202.5},{"time":68.75,"duration":0.5,"angle":112.5,"type":"hold","angle2":67.5},{"time":68.75,"duration":0.5,"angle":135,"type":"hold","angle2":90},{"angle":-315,"time":69.5,"type":"block"},{"angle":-517.5,"time":66,"type":"extraTap"},{"angle":-247.5,"time":68,"type":"extraTap"},{"time":70,"angle":-360,"type":"block","tap":true},{"angle":315,"time":70.5,"type":"block"},{"angle":315,"time":70.75,"type":"block"},{"time":71,"angle":337.5,"type":"block","tap":true},{"angle":292.5,"time":70.625,"type":"block"},{"angle":45,"time":71.5,"type":"block"},{"angle":-67.5,"time":72,"type":"extraTap"},{"time":72,"duration":0.5,"angle":-247.5,"type":"hold","angle2":-225},{"time":72,"duration":0.5,"angle":-270,"type":"hold","angle2":-247.5},{"time":72.75,"duration":0.5,"angle":-225,"type":"hold","angle2":-247.5},{"time":72.75,"duration":0.5,"angle":-247.5,"type":"hold","angle2":-270},{"angle":-292.5,"time":73.5,"type":"block"},{"time":74,"duration":0.5,"angle":-360,"type":"hold","angle2":-382.5},{"time":74,"duration":0.5,"angle":-337.5,"type":"hold","angle2":-360},{"time":74.75,"duration":0.5,"angle":-45,"type":"hold","angle2":-67.5},{"time":74.75,"duration":0.5,"angle":-22.5,"type":"hold","angle2":-45},{"angle":-90,"time":75.5,"type":"block"},{"time":76,"duration":0.5,"angle":-22.5,"type":"hold","angle2":0},{"time":76,"duration":0.5,"angle":-45,"type":"hold","angle2":-22.5},{"time":76.75,"duration":0.5,"angle":-337.5,"type":"hold","angle2":-292.5},{"time":76.75,"duration":0.5,"angle":-360,"type":"hold","angle2":-315},{"angle":90,"time":77.5,"type":"block"},{"angle":-67.5,"time":74,"type":"extraTap"},{"angle":22.5,"time":76,"type":"extraTap"},{"time":78,"angle":135,"type":"block","tap":true},{"angle":-292.5,"time":78.5,"type":"block"},{"angle":-337.5,"time":78.875,"type":"block"},{"time":79,"angle":-360,"type":"block","tap":true},{"angle":-315,"time":78.625,"type":"block"},{"angle":315,"time":79.5,"type":"block"},{"angle":-157.5,"time":80,"type":"extraTap"},{"time":80,"duration":0.5,"angle":-337.5,"type":"hold","angle2":-315},{"time":80,"duration":0.5,"angle":-360,"type":"hold","angle2":-337.5},{"time":80.75,"duration":0.5,"angle":-315,"type":"hold","angle2":-292.5},{"time":80.75,"duration":0.5,"angle":-292.5,"type":"hold","angle2":-270},{"angle":-675,"time":81.5,"type":"block"},{"time":82,"duration":0.5,"angle":-382.5,"type":"hold","angle2":-405},{"time":82,"duration":0.5,"angle":-360,"type":"hold","angle2":-382.5},{"time":82.75,"duration":0.5,"angle":-765,"type":"hold","angle2":-742.5},{"time":82.75,"duration":0.5,"angle":-787.5,"type":"hold","angle2":-765},{"angle":-360,"time":83.5,"type":"block"},{"time":84,"duration":0.5,"angle":-315,"type":"hold","angle2":-292.5},{"time":84,"duration":0.5,"angle":-337.5,"type":"hold","angle2":-315},{"time":84.75,"duration":0.5,"angle":-630,"type":"hold","angle2":-585},{"time":84.75,"duration":0.5,"angle":-652.5,"type":"hold","angle2":-607.5},{"angle":-202.5,"time":85.5,"type":"block"},{"angle":-90,"time":82,"type":"extraTap"},{"angle":-270,"time":84,"type":"extraTap"},{"time":86,"angle":-157.5,"type":"block","tap":true},{"angle":-112.5,"time":86.5,"type":"block"},{"angle":-427.5,"time":86.75,"type":"block"},{"time":87,"angle":-382.5,"type":"block","tap":true},{"angle":-90,"time":86.625,"type":"block"},{"angle":-697.5,"time":87.5,"type":"block"},{"angle":-585,"time":88,"type":"extraTap"},{"time":88,"duration":0.5,"angle":-405,"type":"hold","angle2":-427.5},{"time":88,"duration":0.5,"angle":-382.5,"type":"hold","angle2":-405},{"time":88.75,"duration":0.5,"angle":-427.5,"type":"hold","angle2":-405},{"time":88.75,"duration":0.5,"angle":-405,"type":"hold","angle2":-382.5},{"angle":-360,"time":89.5,"type":"block"},{"time":90,"duration":0.5,"angle":-292.5,"type":"hold","angle2":-270},{"time":90,"duration":0.5,"angle":-315,"type":"hold","angle2":-292.5},{"time":90.75,"duration":0.5,"angle":-607.5,"type":"hold","angle2":-585},{"time":90.75,"duration":0.5,"angle":-630,"type":"hold","angle2":-607.5},{"angle":-562.5,"time":91.5,"type":"block"},{"time":92,"duration":0.5,"angle":-630,"type":"hold","angle2":-652.5},{"time":92,"duration":0.5,"angle":-607.5,"type":"hold","angle2":-630},{"time":92.75,"duration":0.5,"angle":90,"type":"hold","angle2":135},{"time":92.75,"duration":0.5,"angle":67.5,"type":"hold","angle2":112.5},{"angle":517.5,"time":93.5,"type":"block"},{"angle":-585,"time":90,"type":"extraTap"},{"angle":-675,"time":92,"type":"extraTap"},{"time":94,"angle":112.5,"type":"block","tap":true},{"angle":67.5,"time":94.5,"type":"block"},{"angle":22.5,"time":94.875,"type":"block"},{"time":95,"angle":0,"type":"block","tap":true},{"angle":45,"time":94.625,"type":"block"},{"angle":45,"time":95.5,"type":"block"},{"angle":630,"time":96,"type":"extraTap"},{"angle":405,"time":100,"type":"extraTap"},{"angle":630,"time":304.25,"type":"block"},{"angle":292.5,"time":304.5,"type":"block"},{"angle":315,"time":304.75,"type":"block"},{"angle":337.5,"time":305,"type":"block"},{"angle":315,"time":305.25,"type":"block"},{"angle":292.5,"time":305.5,"type":"block"},{"angle":-427.5,"time":104,"type":"extraTap"},{"angle":315,"time":106,"type":"extraTap"},{"angle":472.5,"time":108,"type":"extraTap"},{"time":96,"angle":472.5,"type":"block","tap":true},{"angle":135,"time":96.25,"type":"block"},{"angle":90,"time":96.75,"type":"block"},{"angle":112.5,"time":96.5,"type":"block"},{"angle":67.5,"time":97,"type":"block"},{"angle":90,"time":97.25,"type":"block"},{"angle":67.5,"time":97.5,"type":"block"},{"time":98,"angle":360,"type":"block","tap":true},{"angle":315,"time":98.5,"type":"block"},{"angle":303.75,"time":98.625,"type":"block"},{"angle":315,"time":98.75,"type":"block"},{"time":99,"angle":337.5,"type":"block","tap":true},{"angle":292.5,"time":99.5,"type":"block"},{"time":100,"angle":225,"type":"block","tap":true},{"angle":202.5,"time":100.25,"type":"block"},{"angle":180,"time":100.5,"type":"block"},{"angle":157.5,"time":100.75,"type":"block"},{"angle":180,"time":101,"type":"block"},{"angle":157.5,"time":101.25,"type":"block"},{"angle":135,"time":101.5,"type":"block"},{"time":102,"angle":225,"type":"block","tap":true},{"angle":281.25,"time":102.5,"type":"block"},{"angle":270,"time":102.625,"type":"block"},{"angle":281.25,"time":102.75,"type":"block"},{"time":103,"angle":315,"type":"block","tap":true},{"angle":360,"time":103.5,"type":"block"},{"time":104,"angle":45,"type":"block","tap":true},{"angle":67.5,"time":104.25,"type":"block"},{"angle":45,"time":104.5,"type":"block"},{"angle":22.5,"time":104.75,"type":"block"},{"angle":360,"time":105,"type":"block"},{"angle":337.5,"time":105.25,"type":"block"},{"time":105.5,"angle":315,"type":"block","tap":true},{"time":106,"angle":22.5,"type":"block","tap":true},{"angle":45,"time":106.25,"type":"block"},{"angle":67.5,"time":106.5,"type":"block"},{"angle":90,"time":106.75,"type":"block"},{"angle":112.5,"time":107,"type":"block"},{"angle":135,"time":107.25,"type":"block"},{"time":107.5,"angle":157.5,"type":"block","tap":true},{"angle":151.875,"time":107.4375,"type":"block"},{"time":108,"angle":225,"type":"block","tap":true},{"angle":247.5,"time":108.25,"type":"block"},{"angle":270,"time":108.5,"type":"block"},{"angle":292.5,"time":108.75,"type":"block"},{"angle":315,"time":109,"type":"block"},{"angle":292.5,"time":109.25,"type":"block"},{"time":109.5,"angle":270,"type":"block","tap":true},{"time":110,"angle":315,"type":"block","tap":true},{"angle":22.5,"time":110.5,"type":"block"},{"time":111,"angle":90,"type":"block","tap":true},{"time":110,"angle":337.5,"type":"block","tap":true},{"time":111,"angle":67.5,"type":"block","tap":true},{"angle":45,"time":111.5,"type":"block"},{"time":112,"angle":22.5,"type":"block","tap":true},{"time":112,"angle":0,"type":"block","tap":true},{"angle":90,"time":112.5,"type":"block"},{"time":113,"angle":45,"type":"block","tap":true},{"time":113,"angle":22.5,"type":"block","tap":true},{"angle":112.5,"time":113.5,"type":"block"},{"holdEase":"outQuad","angle":67.5,"type":"hold","time":114,"duration":1,"angle2":-22.5,"startTap":true,"endTap":true},{"holdEase":"outQuad","angle":45,"type":"hold","time":114,"duration":1,"angle2":-45,"startTap":true,"endTap":true},{"angle":270,"time":115.5,"type":"block"},{"angle":281.25,"time":115.4375,"type":"block"},{"angle":225,"time":116,"type":"block"},{"time":116,"angle":202.5,"type":"block","tap":true},{"time":116,"angle":225,"type":"block","tap":true},{"angle":270,"time":116.5,"type":"block"},{"time":117,"angle":292.5,"type":"block","tap":true},{"time":117,"angle":315,"type":"block","tap":true},{"angle":0,"time":117.5,"type":"block"},{"holdEase":"outQuad","angle":45,"type":"hold","time":118,"duration":1,"angle2":135,"startTap":true,"endTap":true},{"holdEase":"outQuad","angle":67.5,"type":"hold","time":118,"duration":1,"angle2":157.5,"startTap":true,"endTap":true},{"angle":146.25,"time":118.875,"type":"block"},{"angle":90,"time":119.5,"type":"block"},{"startTap":true,"time":120,"holdEase":"outQuad","duration":1.5,"angle":45,"type":"hold","angle2":-22.5},{"startTap":true,"time":120,"holdEase":"outQuad","duration":1.5,"angle":22.5,"type":"hold","angle2":-45},{"time":122,"angle":292.5,"type":"block","tap":true},{"time":122,"angle":270,"type":"block","tap":true},{"angle":315,"time":122.5,"type":"block"},{"startTap":true,"time":123,"holdEase":"inQuad","duration":0.75,"angle":360,"type":"hold","angle2":405},{"startTap":true,"time":123,"holdEase":"inQuad","duration":0.74999994039536,"angle":22.5,"type":"hold","angle2":67.5},{"startTap":true,"time":124,"holdEase":"outQuad","duration":1.5,"angle":45,"type":"hold","angle2":-67.5},{"startTap":true,"time":124,"holdEase":"outQuad","duration":1.5,"angle":67.5,"type":"hold","angle2":-45},{"angle":270,"time":126,"type":"block"},{"angle":247.5,"time":126.5,"type":"block"},{"angle":225,"time":127,"type":"block"},{"angle":202.5,"time":127.5,"type":"block"},{"angle":180,"time":128,"type":"block"},{"angle":135,"time":128.5,"type":"block"},{"angle":90,"time":129,"type":"block"},{"angle":135,"time":129.5,"type":"block"},{"time":130,"duration":1,"angle":180,"type":"hold","angle2":270},{"angle":315,"time":131.5,"type":"block"},{"angle":270,"time":132,"type":"block"},{"angle":315,"time":132.5,"type":"block"},{"angle":0,"time":133,"type":"block"},{"angle":45,"time":133.5,"type":"block"},{"time":134,"duration":1.5,"angle":360,"type":"hold","angle2":225},{"angle":247.5,"time":135.75,"type":"block"},{"angle":270,"time":136,"type":"block"},{"angle":315,"time":136.5,"type":"block"},{"angle":0,"time":137,"type":"block"},{"angle":45,"time":137.5,"type":"block"},{"time":138,"duration":1,"angle":90,"type":"hold","angle2":180},{"angle":135,"time":139.5,"type":"block"},{"time":140,"duration":1.5,"angle":90,"type":"hold","angle2":-90},{"time":142,"duration":1.5,"angle":315,"type":"hold","angle2":495},{"angle":157.5,"time":143.75,"type":"block"},{"angle":180,"time":144,"type":"block"},{"angle":135,"time":144.5,"type":"block"},{"angle":90,"time":145,"type":"block"},{"angle":45,"time":145.5,"type":"block"},{"time":146,"duration":1,"angle":0,"type":"hold","angle2":90},{"angle":135,"time":147.5,"type":"block"},{"angle":90,"time":148,"type":"block"},{"angle":45,"time":148.5,"type":"block"},{"angle":360,"time":149,"type":"block"},{"angle":315,"time":149.5,"type":"block"},{"time":150,"duration":1,"angle":270,"type":"hold","angle2":180},{"angle":225,"time":151.5,"type":"block"},{"angle":270,"time":152,"type":"block"},{"angle":315,"time":152.5,"type":"block"},{"angle":270,"time":153,"type":"block"},{"angle":225,"time":153.5,"type":"block"},{"time":154,"duration":1,"angle":270,"type":"hold","angle2":360},{"angle":45,"time":155.5,"type":"block"},{"time":156,"duration":1.5,"angle":360,"type":"hold","angle2":225},{"angle":168.75,"time":158,"type":"block"},{"angle":123.75,"time":158.5,"type":"block"},{"angle":101.25,"time":159,"type":"block"},{"angle":33.75,"time":159.5,"type":"block"},{"time":160,"angle":348.75,"type":"block","tap":true},{"time":160,"angle":11.25,"type":"block","tap":true},{"angle":191.25,"time":158,"type":"block"},{"angle":146.25,"time":158.5,"type":"block"},{"angle":78.75,"time":159,"type":"block"},{"angle":56.25,"time":159.5,"type":"block"},{"angle":180,"time":160,"type":"extraTap"},{"angle":315,"time":160.5,"type":"block"},{"angle":292.5,"time":160.5,"type":"block"},{"time":161,"angle":247.5,"type":"block","tap":true},{"time":161,"angle":225,"type":"block","tap":true},{"angle":315,"time":161.5,"type":"block"},{"angle":292.5,"time":161.5,"type":"block"},{"startTap":true,"time":162,"holdEase":"outQuad","duration":1,"angle":22.5,"type":"hold","angle2":78.75},{"startTap":true,"time":162,"holdEase":"outQuad","duration":1,"angle":360,"type":"hold","angle2":416.25},{"angle":101.25,"time":163.5,"type":"block"},{"angle":123.75,"time":163.5,"type":"block"},{"time":164,"angle":157.5,"type":"block","tap":true},{"time":164,"angle":180,"type":"block","tap":true},{"angle":112.5,"time":164.5,"type":"block"},{"angle":90,"time":164.5,"type":"block"},{"time":165,"angle":56.25,"type":"block","tap":true},{"time":165,"angle":33.75,"type":"block","tap":true},{"angle":78.75,"time":165.5,"type":"block"},{"angle":101.25,"time":165.5,"type":"block"},{"startTap":true,"time":166,"holdEase":"outQuad","duration":1.5,"angle":45,"type":"hold","angle2":-45},{"startTap":true,"time":166,"holdEase":"outQuad","duration":1.5,"angle":22.5,"type":"hold","angle2":-67.5},{"time":168,"angle":270,"type":"block","tap":true},{"time":168,"angle":247.5,"type":"block","tap":true},{"angle":281.25,"time":167.75,"type":"block"},{"angle":213.75,"time":168.5,"type":"block"},{"angle":191.25,"time":168.5,"type":"block"},{"time":169,"angle":236.25,"type":"block","tap":true},{"time":169,"angle":258.75,"type":"block","tap":true},{"angle":292.5,"time":169.5,"type":"block"},{"angle":315,"time":169.5,"type":"block"},{"startTap":true,"time":170,"holdEase":"outQuad","duration":1,"angle":22.5,"type":"hold","angle2":90},{"startTap":true,"time":170,"holdEase":"outQuad","duration":1,"angle":0,"type":"hold","angle2":67.5},{"angle":303.75,"time":167.375,"type":"block"},{"angle":123.75,"time":171.5,"type":"block"},{"angle":146.25,"time":171.5,"type":"block"},{"startTap":true,"time":172,"holdEase":"inQuad","duration":1.5,"angle":191.25,"type":"hold","angle2":281.25},{"startTap":true,"time":172,"holdEase":"inQuad","duration":1.5,"angle":213.75,"type":"hold","angle2":303.75},{"startTap":true,"time":174,"holdEase":"outQuad","duration":1.5,"angle":258.75,"type":"hold","angle2":135},{"startTap":true,"time":174,"holdEase":"outQuad","duration":1.5,"angle":236.25,"type":"hold","angle2":112.5},{"angle":101.25,"time":175.75,"type":"block"},{"time":176,"angle":90,"type":"block","tap":true},{"time":176,"angle":67.5,"type":"block","tap":true},{"angle":22.5,"time":176.5,"type":"block"},{"angle":45,"time":176.5,"type":"block"},{"time":177,"angle":78.75,"type":"block","tap":true},{"time":177,"angle":101.25,"type":"block","tap":true},{"angle":135,"time":177.5,"type":"block"},{"angle":157.5,"time":177.5,"type":"block"},{"startTap":true,"time":178,"holdEase":"outQuad","duration":1,"angle":202.5,"type":"hold","angle2":112.5},{"startTap":true,"time":178,"holdEase":"outQuad","duration":1,"angle":180,"type":"hold","angle2":90},{"angle":67.5,"time":179.5,"type":"block"},{"angle":45,"time":179.5,"type":"block"},{"time":180,"angle":22.5,"type":"block","tap":true},{"time":180,"angle":360,"type":"block","tap":true},{"angle":315,"time":180.5,"type":"block"},{"angle":337.5,"time":180.5,"type":"block"},{"time":181,"angle":292.5,"type":"block","tap":true},{"time":181,"angle":270,"type":"block","tap":true},{"angle":315,"time":181.5,"type":"block"},{"angle":337.5,"time":181.5,"type":"block"},{"startTap":true,"time":182,"holdEase":"outQuad","duration":1,"angle":11.25,"type":"hold","angle2":78.75},{"startTap":true,"time":182,"holdEase":"outQuad","duration":1,"angle":33.75,"type":"hold","angle2":101.25},{"angle":90,"time":182.875,"type":"block"},{"angle":123.75,"time":183.5,"type":"block"},{"angle":146.25,"time":183.5,"type":"block"},{"startTap":true,"time":184,"holdEase":"outSine","duration":1.5,"angle":202.5,"type":"hold","angle2":292.5},{"startTap":true,"time":184,"holdEase":"outSine","duration":1.5,"angle":225,"type":"hold","angle2":315},{"time":186,"angle":348.75,"type":"block","tap":true},{"time":186,"angle":11.25,"type":"block","tap":true},{"angle":315,"time":186.5,"type":"block"},{"angle":292.5,"time":186.5,"type":"block"},{"startTap":true,"time":187,"holdEase":"inQuad","duration":0.75,"angle":258.75,"type":"hold","angle2":213.75},{"startTap":true,"time":187,"holdEase":"inQuad","duration":0.75,"angle":236.25,"type":"hold","angle2":191.25},{"startTap":true,"time":188,"holdEase":"outQuad","duration":1.5,"angle":191.25,"type":"hold","angle2":101.25},{"startTap":true,"time":188,"holdEase":"outQuad","duration":1.5,"angle":168.75,"type":"hold","angle2":78.75},{"time":190,"angle":45,"type":"block","tap":true},{"angle":0,"time":190.5,"type":"block"},{"time":191,"angle":45,"type":"block","tap":true},{"angle":90,"time":191.5,"type":"block"},{"startTap":true,"time":192,"holdEase":"outQuad","duration":1.5,"angle":135,"type":"hold","angle2":270},{"time":194,"angle":315,"type":"block","tap":true},{"angle":0,"time":194.5,"type":"block"},{"startTap":true,"time":195,"holdEase":"inQuad","duration":0.75,"angle":45,"type":"hold","angle2":-22.5},{"startTap":true,"time":196,"holdEase":"outQuad","duration":1.5,"angle":315,"type":"hold","angle2":135},{"time":198,"angle":90,"type":"block","tap":true},{"angle":45,"time":198.5,"type":"block"},{"angle":360,"time":199,"type":"block"},{"angle":315,"time":199.5,"type":"block"},{"startTap":true,"time":200,"holdEase":"inCubic","duration":1.5,"angle":270,"type":"hold","angle2":405},{"startTap":true,"time":202,"holdEase":"inCubic","duration":1.5,"angle":90,"type":"hold","angle2":-45},{"time":204,"angle":0,"type":"block","tap":true},{"angle":157.5,"time":205.5,"type":"block"},{"time":206,"angle":180,"type":"block","tap":true},{"angle":213.75,"time":206.5,"type":"block"},{"angle":225,"time":206.625,"type":"block"},{"angle":213.75,"time":206.75,"type":"block"},{"time":207,"angle":191.25,"type":"block","tap":true},{"angle":146.25,"time":207.5,"type":"block"},{"startTap":true,"time":208,"holdEase":"outBack","duration":2.5,"angle":112.5,"type":"hold","angle2":45},{"angle":67.5,"time":211,"type":"block"},{"angle":360,"time":208,"type":"extraTap"},{"startTap":true,"time":211.5,"holdEase":"outQuart","duration":1.25,"angle":90,"type":"hold","angle2":168.75},{"startTap":true,"time":213,"holdEase":"inSine","duration":1,"angle":202.5,"type":"hold","angle2":270},{"angle":180,"time":212.875,"type":"block"},{"startTap":true,"time":214,"holdEase":"inSine","duration":1,"angle":270,"type":"hold","angle2":213.75},{"startTap":true,"time":215,"holdEase":"inSine","duration":1,"angle":213.75,"type":"hold","angle2":281.25},{"startTap":true,"time":216,"holdEase":"inQuad","duration":0.75,"angle":281.25,"type":"hold","angle2":326.25},{"startTap":true,"time":217.5,"holdEase":"outQuad","duration":1.5,"angle":56.25,"type":"hold","angle2":168.75},{"holdEase":"outQuad","angle":101.25,"type":"hold","time":219.5,"duration":1.5,"angle2":0,"startTap":true,"endTap":true},{"angle":292.5,"time":221.5,"type":"block"},{"time":222,"angle":337.5,"type":"block","tap":true},{"angle":270,"time":222.5,"type":"block"},{"time":223,"angle":315,"type":"block","tap":true},{"angle":247.5,"time":223.5,"type":"block"},{"angle2":191.25,"time":224,"duration":0.75,"angle":225,"startTap":true,"type":"hold"},{"angle2":180,"time":224,"duration":0.75,"angle":213.75,"startTap":true,"type":"hold"},{"time":224.75,"duration":0.75,"angle":191.25,"type":"hold","angle2":236.25},{"time":224.75,"duration":0.75,"angle":180,"type":"hold","angle2":225},{"angle2":-416.25,"time":226,"duration":0.75,"angle":-450,"startTap":true,"type":"hold"},{"angle2":-405,"time":226,"duration":0.75,"angle":-438.75,"startTap":true,"type":"hold"},{"time":226.75,"duration":0.75,"angle":-416.25,"type":"hold","angle2":-360},{"time":226.75,"duration":0.75,"angle":-405,"type":"hold","angle2":-348.75},{"angle2":-67.5,"time":228,"duration":1.75,"angle":56.25,"startTap":true,"type":"hold"},{"angle2":-78.75,"time":228,"duration":1.75,"angle":45,"startTap":true,"type":"hold"},{"angle":292.5,"time":229.83332824707,"type":"block"},{"angle":281.25,"time":229.91667175293,"type":"block"},{"time":230,"duration":1,"angle":292.5,"type":"hold","angle2":360},{"time":231,"duration":1,"angle":0,"type":"hold","angle2":-90},{"angle2":281.25,"time":232,"duration":0.75,"angle":270,"startTap":true,"type":"hold"},{"angle2":461.25,"time":233.5,"duration":1.5,"angle":360,"startTap":true,"type":"hold"},{"angle2":-11.25,"time":235.5,"duration":2.5,"angle":146.25,"startTap":true,"type":"hold"},{"angle2":438.75,"time":238,"duration":1,"angle":348.75,"startTap":true,"type":"hold"},{"angle2":67.5,"time":239,"duration":1,"angle":78.75,"startTap":true,"type":"hold"},{"startTap":true,"time":240,"holdEase":"outBack","duration":2.5,"angle":-292.5,"type":"hold","angle2":-202.5},{"angle":-247.5,"time":243,"type":"block"},{"startTap":true,"time":243.5,"holdEase":"outQuart","duration":1.25,"angle":-270,"type":"hold","angle2":-348.75},{"startTap":true,"time":245,"holdEase":"inSine","duration":1,"angle":348.75,"type":"hold","angle2":416.25},{"angle":-360,"time":244.875,"type":"block"},{"startTap":true,"time":246,"holdEase":"inSine","duration":1,"angle":416.25,"type":"hold","angle2":360},{"startTap":true,"time":247,"holdEase":"inSine","duration":1,"angle":360,"type":"hold","angle2":427.5},{"startTap":true,"time":248,"holdEase":"inQuad","duration":0.75,"angle":427.5,"type":"hold","angle2":472.5},{"startTap":true,"time":249.5,"holdEase":"outQuad","duration":1.5,"angle":-236.25,"type":"hold","angle2":-348.75},{"holdEase":"outQuad","angle":-281.25,"type":"hold","time":251.5,"duration":1.5,"angle2":-180,"startTap":true,"endTap":true},{"angle":225,"time":253.5,"type":"block"},{"time":254,"angle":270,"type":"block","tap":true},{"angle":202.5,"time":254.5,"type":"block"},{"time":255,"angle":247.5,"type":"block","tap":true},{"angle":180,"time":255.5,"type":"block"},{"angle2":123.75,"time":256,"duration":0.75,"angle":157.5,"startTap":true,"type":"hold"},{"angle2":112.5,"time":256,"duration":0.75,"angle":146.25,"startTap":true,"type":"hold"},{"time":256.75,"duration":0.75,"angle":123.75,"type":"hold","angle2":168.75},{"time":256.75,"duration":0.75,"angle":112.5,"type":"hold","angle2":157.5},{"angle2":-483.75,"time":258,"duration":0.75,"angle":-517.5,"startTap":true,"type":"hold"},{"angle2":-472.5,"time":258,"duration":0.75,"angle":-506.25,"startTap":true,"type":"hold"},{"time":258.75,"duration":0.75,"angle":-483.75,"type":"hold","angle2":-427.5},{"time":258.75,"duration":0.75,"angle":-472.5,"type":"hold","angle2":-416.25},{"angle2":112.5,"time":260,"duration":1.75,"angle":-11.25,"startTap":true,"type":"hold"},{"angle2":123.75,"time":260,"duration":1.75,"angle":0,"startTap":true,"type":"hold"},{"angle":-247.5,"time":261.83332824707,"type":"block"},{"angle":-236.25,"time":261.91667175293,"type":"block"},{"time":262,"duration":1,"angle":-247.5,"type":"hold","angle2":-315},{"time":263,"duration":1,"angle":45,"type":"hold","angle2":135},{"angle2":-236.25,"time":264,"duration":0.75,"angle":-225,"startTap":true,"type":"hold"},{"angle2":-416.25,"time":265.5,"duration":1.5,"angle":-315,"startTap":true,"type":"hold"},{"angle2":56.25,"time":267.5,"duration":2.5,"angle":-101.25,"startTap":true,"type":"hold"},{"angle2":-393.75,"time":270,"duration":1,"angle":-303.75,"startTap":true,"type":"hold"},{"angle2":-90,"type":"hold","time":271,"duration":1,"angle":-33.75,"startTap":true,"endTap":true},{"angle":-112.5,"time":272.25,"type":"block"},{"angle":-67.5,"time":272.75,"type":"block"},{"angle":-90,"time":272.5,"type":"block"},{"angle":-45,"time":273,"type":"block"},{"angle":-67.5,"time":273.25,"type":"block"},{"angle":-45,"time":273.5,"type":"block"},{"time":274,"angle":-337.5,"type":"block","tap":true},{"angle":-292.5,"time":274.5,"type":"block"},{"angle":-281.25,"time":274.625,"type":"block"},{"angle":-292.5,"time":274.75,"type":"block"},{"time":275,"angle":-315,"type":"block","tap":true},{"angle":-270,"time":275.5,"type":"block"},{"time":276,"angle":-202.5,"type":"block","tap":true},{"angle":-180,"time":276.25,"type":"block"},{"angle":-157.5,"time":276.5,"type":"block"},{"angle":-135,"time":276.75,"type":"block"},{"angle":-157.5,"time":277,"type":"block"},{"angle":-135,"time":277.25,"type":"block"},{"angle":-112.5,"time":277.5,"type":"block"},{"time":278,"angle":-202.5,"type":"block","tap":true},{"angle":-258.75,"time":278.5,"type":"block"},{"angle":-247.5,"time":278.625,"type":"block"},{"angle":-258.75,"time":278.75,"type":"block"},{"time":279,"angle":-292.5,"type":"block","tap":true},{"angle":-337.5,"time":279.5,"type":"block"},{"time":280,"angle":-22.5,"type":"block","tap":true},{"angle":-45,"time":280.25,"type":"block"},{"angle":-22.5,"time":280.5,"type":"block"},{"angle":0,"time":280.75,"type":"block"},{"angle":-337.5,"time":281,"type":"block"},{"angle":-315,"time":281.25,"type":"block"},{"time":281.5,"angle":-292.5,"type":"block","tap":true},{"time":282,"angle":0,"type":"block","tap":true},{"angle":-22.5,"time":282.25,"type":"block"},{"angle":-45,"time":282.5,"type":"block"},{"angle":-67.5,"time":282.75,"type":"block"},{"angle":-90,"time":283,"type":"block"},{"angle":-112.5,"time":283.25,"type":"block"},{"time":283.5,"angle":-135,"type":"block","tap":true},{"angle":-129.375,"time":283.4375,"type":"block"},{"time":284,"angle":-202.5,"type":"block","tap":true},{"angle":-225,"time":284.25,"type":"block"},{"angle":-247.5,"time":284.5,"type":"block"},{"angle":-270,"time":284.75,"type":"block"},{"angle":-292.5,"time":285,"type":"block"},{"angle":-270,"time":285.25,"type":"block"},{"time":285.5,"angle":-247.5,"type":"block","tap":true},{"time":286,"angle":-292.5,"type":"block","tap":true},{"angle":0,"time":286.5,"type":"block"},{"time":287,"angle":-67.5,"type":"block","tap":true},{"time":286,"angle":-315,"type":"block","tap":true},{"time":287,"angle":-45,"type":"block","tap":true},{"angle":-22.5,"time":287.5,"type":"block"},{"time":288,"angle":0,"type":"block","tap":true},{"time":288,"angle":22.5,"type":"block","tap":true},{"angle":-67.5,"time":288.5,"type":"block"},{"time":289,"angle":-22.5,"type":"block","tap":true},{"time":289,"angle":0,"type":"block","tap":true},{"angle":-90,"time":289.5,"type":"block"},{"holdEase":"outQuad","angle":-45,"type":"hold","time":290,"duration":1,"angle2":45,"startTap":true,"endTap":true},{"holdEase":"outQuad","angle":-22.5,"type":"hold","time":290,"duration":1,"angle2":67.5,"startTap":true,"endTap":true},{"angle":-247.5,"time":291.5,"type":"block"},{"angle":-258.75,"time":291.4375,"type":"block"},{"angle":-202.5,"time":292,"type":"block"},{"time":292,"angle":-180,"type":"block","tap":true},{"time":292,"angle":-202.5,"type":"block","tap":true},{"angle":-247.5,"time":292.5,"type":"block"},{"time":293,"angle":-270,"type":"block","tap":true},{"time":293,"angle":-292.5,"type":"block","tap":true},{"angle":22.5,"time":293.5,"type":"block"},{"holdEase":"outQuad","angle":-22.5,"type":"hold","time":294,"duration":1,"angle2":-112.5,"startTap":true,"endTap":true},{"holdEase":"outQuad","angle":-45,"type":"hold","time":294,"duration":1,"angle2":-135,"startTap":true,"endTap":true},{"angle":-123.75,"time":294.875,"type":"block"},{"angle":-67.5,"time":295.5,"type":"block"},{"startTap":true,"time":296,"holdEase":"outQuad","duration":1.5,"angle":-22.5,"type":"hold","angle2":45},{"startTap":true,"time":296,"holdEase":"outQuad","duration":1.5,"angle":0,"type":"hold","angle2":67.5},{"time":298,"angle":-270,"type":"block","tap":true},{"time":298,"angle":-247.5,"type":"block","tap":true},{"angle":-292.5,"time":298.5,"type":"block"},{"startTap":true,"time":299,"holdEase":"inQuad","duration":0.75,"angle":-337.5,"type":"hold","angle2":-382.5},{"startTap":true,"time":299,"holdEase":"inQuad","duration":0.74999994039536,"angle":0,"type":"hold","angle2":-45},{"startTap":true,"time":300,"holdEase":"outQuad","duration":1.5,"angle":-22.5,"type":"hold","angle2":90},{"startTap":true,"time":300,"holdEase":"outQuad","duration":1.5,"angle":-45,"type":"hold","angle2":67.5},{"time":302,"angle":45,"type":"block","tap":true},{"time":302,"angle":360,"type":"block","tap":true},{"time":303,"angle":90,"type":"block","tap":true},{"time":303,"angle":112.5,"type":"block","tap":true},{"time":304,"angle":225,"type":"block","tap":true},{"time":304,"angle":247.5,"type":"block","tap":true},{"angle":56.25,"time":306.625,"type":"block"},{"angle":45,"time":306.5,"type":"block"},{"time":306,"angle":360,"type":"block","tap":true},{"angle":45,"time":306.75,"type":"block"},{"time":307,"angle":22.5,"type":"block","tap":true},{"angle":67.5,"time":307.5,"type":"block"},{"time":308,"angle":112.5,"type":"block","tap":true},{"angle":67.5,"time":308.5,"type":"block"},{"angle":22.5,"time":309,"type":"block"},{"angle":11.25,"time":309.125,"type":"block"},{"angle":22.5,"time":309.25,"type":"block"},{"angle":45,"time":309.5,"type":"block"},{"time":310,"angle":90,"type":"block","tap":true},{"angle":135,"time":310.5,"type":"block"},{"angle":146.25,"time":310.625,"type":"block"},{"angle":157.5,"time":310.75,"type":"block"},{"time":311,"angle":202.5,"type":"block","tap":true},{"angle":225,"time":311.5,"type":"block"},{"time":312,"angle":180,"type":"block","tap":true},{"angle":157.5,"time":312.25,"type":"block"},{"angle":135,"time":312.5,"type":"block"},{"angle":112.5,"time":312.75,"type":"block"},{"angle":90,"time":313,"type":"block"},{"angle":112.5,"time":313.25,"type":"block"},{"time":313.5,"angle":135,"type":"block","tap":true},{"time":314,"angle":90,"type":"block","tap":true},{"angle":67.5,"time":314.25,"type":"block"},{"angle":45,"time":314.5,"type":"block"},{"angle":22.5,"time":314.75,"type":"block"},{"angle":45,"time":315,"type":"block"},{"angle":22.5,"time":315.25,"type":"block"},{"time":315.5,"angle":0,"type":"block","tap":true},{"angle":5.625,"time":315.4375,"type":"block"},{"time":316,"angle":315,"type":"block","tap":true},{"angle":292.5,"time":316.25,"type":"block"},{"angle":270,"time":316.5,"type":"block"},{"angle":247.5,"time":316.75,"type":"block"},{"angle":270,"time":317,"type":"block"},{"angle":247.5,"time":317.25,"type":"block"},{"time":317.5,"angle":225,"type":"block","tap":true},{"time":318,"angle":270,"type":"block","tap":true},{"angle":315,"time":318.5,"type":"block"},{"time":319,"angle":0,"type":"block","tap":true},{"angle":45,"time":319.5,"type":"block"},{"time":320,"angle":0,"type":"block","tap":true},{"angle":292.5,"time":320.5,"type":"block"},{"time":321,"angle":337.5,"type":"block","tap":true},{"angle":270,"time":321.5,"type":"block"},{"angle2":427.5,"type":"hold","time":322,"duration":1,"angle":315,"startTap":true,"endTap":true},{"angle":112.5,"time":323.5,"type":"block"},{"angle":101.25,"time":323.4375,"type":"block"},{"time":324,"angle":157.5,"type":"block","tap":true},{"angle":112.5,"time":324.5,"type":"block"},{"time":325,"angle":67.5,"type":"block","tap":true},{"angle":22.5,"time":325.5,"type":"block"},{"time":326,"angle":90,"type":"block","tap":true},{"angle":157.5,"time":326.5,"type":"block"},{"angle":146.25,"time":326.375,"type":"block"},{"time":327,"angle":90,"type":"block","tap":true},{"angle":101.25,"time":326.875,"type":"block"},{"angle":45,"time":327.5,"type":"block"},{"startTap":true,"time":328,"holdEase":"outQuad","duration":1.5,"angle":360,"type":"hold","angle2":270},{"time":330,"angle":315,"type":"block","tap":true},{"angle":0,"time":330.5,"type":"block"},{"startTap":true,"time":331,"holdEase":"outSine","duration":0.75,"angle":45,"type":"hold","angle2":0},{"time":332,"angle":360,"type":"block","tap":true}]