{"properties":{"speed":70,"formatversion":14,"loadBeat":-1,"offset":8},"metadata":{"artistLink":"","bpm":125,"bgData":{"blueChannel":{"g":32,"b":64,"r":32},"greenChannel":{"g":0,"b":128,"r":192},"yellowChannel":{"g":0,"b":128,"r":160},"magentaChannel":{"g":32,"b":128,"r":64},"cyanChannel":{"g":255,"b":255,"r":255},"image":"Tree.png","redChannel":{"g":32,"b":64,"r":224}},"songName":"Field of Hopes and Dreams","lightWarning":false,"charter":"Random22","artist":"Toby Fox","description":"Now your adventure will truly begin.\n\n\nMechanics used: Sides","bg":true,"difficulty":6},"events":[{"file":"Field of Hopes and Dreams.ogg","volume":1,"type":"play","bpm":124.86000061035,"angle":292.5,"time":-0,"offset":0.18500000238419},{"enable":false,"time":-1,"angle":90,"type":"setBoolean","var":"vfx.drawUI"},{"g":31,"angle":22.5,"type":"setColor","b":151,"time":0,"duration":2,"r":17,"color":3,"ease":"linear"},{"x":200,"y":10,"angle":0,"time":-0.5,"sx":1,"sy":1,"hide":true,"type":"deco","id":"SongText","sprite":"SongText.png"},{"g":255,"angle":45,"type":"setColor","b":255,"time":0,"duration":2,"r":255,"color":2,"ease":"linear"},{"g":0,"b":0,"color":2,"r":0,"angle":22.5,"time":-1,"type":"setColor"},{"g":0,"b":0,"color":3,"r":0,"angle":45,"time":-1,"type":"setColor"},{"g":0,"angle":22.5,"type":"setColor","b":0,"time":8.25,"duration":2,"r":0,"color":3,"ease":"linear"},{"g":0,"angle":45,"type":"setColor","b":0,"time":8.25,"duration":2,"r":0,"color":2,"ease":"linear"},{"g":172,"b":218,"color":1,"r":255,"angle":247.5,"time":0,"type":"setColor"},{"g":255,"angle":270,"type":"setColor","b":255,"time":0.0010000000474975,"duration":0.75,"r":255,"color":1,"ease":"linear"},{"g":255,"b":255,"color":1,"r":255,"angle":360,"time":-1,"type":"setColor"},{"g":0,"b":0,"color":0,"r":0,"angle":337.5,"time":-1,"type":"setColor"},{"g":172,"order":0,"angle":247.5,"type":"setColor","b":255,"r":228,"color":1,"time":1.5},{"g":255,"order":1,"angle":270,"time":1.5,"b":255,"type":"setColor","duration":0.75,"r":255,"color":1,"ease":"linear"},{"g":172,"order":0,"angle":247.5,"type":"setColor","b":218,"r":255,"color":1,"time":2},{"g":255,"order":1,"angle":270,"time":2,"b":255,"type":"setColor","duration":0.75,"r":255,"color":1,"ease":"linear"},{"g":172,"order":0,"angle":247.5,"type":"setColor","b":255,"r":228,"color":1,"time":3.5},{"g":255,"order":1,"angle":270,"time":3.5,"b":255,"type":"setColor","duration":0.75,"r":255,"color":1,"ease":"linear"},{"g":172,"order":0,"angle":247.5,"type":"setColor","b":218,"r":255,"color":1,"time":4},{"g":255,"order":1,"angle":270,"time":4,"b":255,"type":"setColor","duration":0.75,"r":255,"color":1,"ease":"linear"},{"g":172,"b":255,"color":1,"r":228,"angle":337.5,"time":5.5,"type":"setColor"},{"g":255,"angle":360,"type":"setColor","b":255,"time":5.5009999275208,"duration":0.75,"r":255,"color":1,"ease":"linear"},{"g":172,"b":218,"color":1,"r":255,"angle":337.5,"time":6,"type":"setColor"},{"g":255,"angle":360,"type":"setColor","b":255,"time":6.0010000000475,"duration":0.75,"r":255,"color":1,"ease":"linear"},{"g":172,"b":255,"color":1,"r":228,"angle":337.5,"time":7,"type":"setColor"},{"g":255,"angle":360,"type":"setColor","b":255,"time":7.00100004673,"duration":0.75,"r":255,"color":1,"ease":"linear"},{"g":172,"b":218,"color":1,"r":255,"angle":337.5,"time":8,"type":"setColor"},{"g":255,"angle":360,"type":"setColor","b":255,"time":8.0010000000475,"duration":0.75,"r":255,"color":1,"ease":"linear"},{"g":172,"b":255,"color":1,"r":228,"angle":382.5,"time":9.5,"type":"setColor"},{"g":255,"angle":405,"type":"setColor","b":255,"time":9.50100004673,"duration":0.75,"r":255,"color":1,"ease":"linear"},{"g":172,"b":218,"color":1,"r":255,"angle":382.5,"time":10,"type":"setColor"},{"g":255,"angle":405,"type":"setColor","b":255,"time":10.001000000047,"duration":0.75,"r":255,"color":1,"ease":"linear"},{"g":172,"b":255,"color":1,"r":228,"angle":382.5,"time":11.5,"type":"setColor"},{"g":255,"angle":405,"type":"setColor","b":255,"time":11.50100004673,"duration":0.75,"r":255,"color":1,"ease":"linear"},{"g":172,"b":218,"color":1,"r":255,"angle":382.5,"time":12,"type":"setColor"},{"g":255,"angle":405,"type":"setColor","b":255,"time":12.001000000047,"duration":0.75,"r":255,"color":1,"ease":"linear"},{"g":172,"b":255,"color":1,"r":228,"angle":427.5,"time":13.5,"type":"setColor"},{"g":255,"angle":450,"type":"setColor","b":255,"time":13.50100004673,"duration":0.75,"r":255,"color":1,"ease":"linear"},{"g":172,"b":218,"color":1,"r":255,"angle":427.5,"time":14,"type":"setColor"},{"g":255,"angle":450,"type":"setColor","b":255,"time":14.001000000047,"duration":0.75,"r":255,"color":1,"ease":"linear"},{"g":172,"b":255,"color":1,"r":228,"angle":427.5,"time":15,"type":"setColor"},{"g":255,"angle":450,"type":"setColor","b":255,"time":15.00100004673,"duration":0.75,"r":255,"color":1,"ease":"linear"},{"g":172,"b":218,"color":1,"r":255,"angle":427.5,"time":16,"type":"setColor"},{"g":255,"angle":450,"type":"setColor","b":255,"time":16.001000000047,"duration":0.75,"r":255,"color":1,"ease":"linear"},{"g":0,"angle":-247.5,"type":"setColor","b":0,"time":24.25,"duration":2,"r":0,"color":3,"ease":"linear"},{"g":0,"angle":-225,"type":"setColor","b":0,"time":24.25,"duration":2,"r":0,"color":2,"ease":"linear"},{"g":172,"b":255,"color":1,"r":228,"angle":-22.5,"time":17.5,"type":"setColor"},{"g":255,"angle":0,"type":"setColor","b":255,"time":17.50100004673,"duration":0.75,"r":255,"color":1,"ease":"linear"},{"g":172,"b":218,"color":1,"r":255,"angle":-22.5,"time":18,"type":"setColor"},{"g":255,"angle":0,"type":"setColor","b":255,"time":18.001000000048,"duration":0.75,"r":255,"color":1,"ease":"linear"},{"g":172,"b":255,"color":1,"r":228,"angle":-22.5,"time":19.5,"type":"setColor"},{"g":255,"angle":0,"type":"setColor","b":255,"time":19.50100004673,"duration":0.75,"r":255,"color":1,"ease":"linear"},{"g":172,"b":218,"color":1,"r":255,"angle":-22.5,"time":20,"type":"setColor"},{"g":255,"angle":0,"type":"setColor","b":255,"time":20.001000000048,"duration":0.75,"r":255,"color":1,"ease":"linear"},{"g":172,"b":255,"color":1,"r":228,"angle":67.5,"time":21.5,"type":"setColor"},{"g":255,"angle":90,"type":"setColor","b":255,"time":21.50100004673,"duration":0.75,"r":255,"color":1,"ease":"linear"},{"g":172,"b":218,"color":1,"r":255,"angle":67.5,"time":22,"type":"setColor"},{"g":255,"angle":90,"type":"setColor","b":255,"time":22.001000000048,"duration":0.75,"r":255,"color":1,"ease":"linear"},{"g":172,"b":255,"color":1,"r":228,"angle":67.5,"time":23,"type":"setColor"},{"g":255,"angle":90,"type":"setColor","b":255,"time":23.00100004673,"duration":0.75,"r":255,"color":1,"ease":"linear"},{"g":172,"b":218,"color":1,"r":255,"angle":67.5,"time":24,"type":"setColor"},{"g":255,"angle":90,"type":"setColor","b":255,"time":24.001000000047,"duration":0.75,"r":255,"color":1,"ease":"linear"},{"g":172,"b":255,"color":1,"r":228,"angle":112.5,"time":25.5,"type":"setColor"},{"g":255,"angle":135,"type":"setColor","b":255,"time":25.50100004673,"duration":0.75,"r":255,"color":1,"ease":"linear"},{"g":172,"b":218,"color":1,"r":255,"angle":112.5,"time":26,"type":"setColor"},{"g":255,"angle":135,"type":"setColor","b":255,"time":26.001000000047,"duration":0.75,"r":255,"color":1,"ease":"linear"},{"g":172,"b":255,"color":1,"r":228,"angle":112.5,"time":27.5,"type":"setColor"},{"g":255,"angle":135,"type":"setColor","b":255,"time":27.50100004673,"duration":0.75,"r":255,"color":1,"ease":"linear"},{"g":172,"b":218,"color":1,"r":255,"angle":112.5,"time":28,"type":"setColor"},{"g":255,"angle":135,"type":"setColor","b":255,"time":28.001000000047,"duration":0.75,"r":255,"color":1,"ease":"linear"},{"g":172,"b":255,"color":1,"r":228,"angle":157.5,"time":29.5,"type":"setColor"},{"g":255,"angle":180,"type":"setColor","b":255,"time":29.500999450684,"duration":0.75,"r":255,"color":1,"ease":"linear"},{"value":-60,"type":"ease","angle":315,"time":-1,"var":"vfx.angleTwist.offset"},{"value":0,"ease":"inCirc","time":27,"duration":3,"angle":67.5,"type":"ease","var":"vfx.angleTwist.offset"},{"value":2,"ease":"inCirc","time":27,"duration":3,"angle":45,"type":"ease","var":"scrollSpeed"},{"value":1.5,"ease":"outCirc","time":30,"duration":0.5,"angle":90,"type":"ease","var":"scrollSpeed"},{"g":0,"angle":67.5,"type":"setColor","b":0,"duration":0.5,"time":30,"color":0,"r":0},{"x":180,"y":10,"angle":315,"time":12,"sx":1,"sy":1,"hide":true,"type":"deco","id":"SongText","sprite":"SongText.png"},{"value":1.3999999761581,"ease":"inCirc","time":27,"duration":3,"angle":112.5,"type":"ease","var":"vfx.canvPos.sx"},{"value":1.3999999761581,"ease":"inCirc","time":27,"duration":3,"angle":135,"type":"ease","var":"vfx.canvPos.sy"},{"g":32,"b":64,"r":32,"type":"setColor","angle":247.5,"time":32,"color":1},{"g":0,"b":0,"color":0,"r":0,"angle":258.75,"time":32,"type":"setColor"},{"enable":true,"time":32,"angle":0,"type":"outline","color":2},{"value":2,"ease":"outExpo","time":32,"duration":1,"angle":281.25,"type":"ease","var":"scrollSpeed"},{"value":1,"type":"ease","angle":292.5,"time":32,"var":"vfx.canvPos.sx"},{"value":1,"type":"ease","angle":303.75,"time":32,"var":"vfx.canvPos.sy"},{"enable":true,"time":32,"angle":11.25,"type":"setBoolean","var":"vfx.drawUI"},{"enable":false,"time":304,"angle":60,"type":"setBoolean","var":"vfx.drawUI"},{"value":1,"ease":"inCirc","time":301,"duration":3,"angle":90,"type":"ease","var":"scrollSpeed"},{"time":304,"color":0,"angle":45,"type":"setBgColor"},{"value":-60,"angle":150,"time":304,"duration":20,"start":60,"type":"ease","var":"vfx.angleTwist.offset"},{"g":172,"order":0,"angle":195,"type":"setColor","b":218,"r":255,"color":1,"time":304},{"g":255,"order":1,"angle":210,"time":304,"b":255,"type":"setColor","duration":0.75,"r":255,"color":1,"ease":"linear"},{"value":0.69999998807907,"angle":90,"type":"ease","var":"vfx.flashStrength","duration":3,"start":0,"time":27,"ease":"inSine"},{"value":0,"ease":"linear","time":30,"duration":0.5,"angle":112.5,"type":"ease","var":"vfx.flashStrength"},{"value":0,"time":32,"angle":315,"type":"ease","var":"vfx.flashStrength","duration":4,"start":0.80000001192093,"ease":"outQuad"},{"x":180,"y":10,"type":"deco","angle":337.5,"time":0,"sx":1,"sy":1,"hide":false,"duration":2,"sprite":"SongText.png","id":"SongText","ease":"outCirc"},{"value":60,"ease":"inOutSine","time":-0,"duration":24,"angle":315,"type":"ease","var":"vfx.angleTwist.offset"},{"x":160,"y":10,"type":"deco","angle":360,"time":8.25,"sx":1,"sy":1,"duration":2,"hide":false,"sprite":"SongText.png","id":"SongText","ease":"inCirc"},{"value":1.2000000476837,"ease":"inOutSine","time":124,"duration":4,"angle":90,"type":"ease","var":"scrollSpeed"},{"value":2,"ease":"inCubic","time":158,"duration":2,"angle":315,"type":"ease","var":"scrollSpeed"},{"value":0,"angle":135,"type":"ease","var":"vfx.flashStrength","duration":4,"start":0.75,"time":160,"ease":"outSine"},{"value":1,"ease":"inOutSine","time":196,"duration":4,"angle":90,"type":"ease","var":"scrollSpeed"},{"value":2,"ease":"inExpo","time":204,"duration":4,"angle":90,"type":"ease","var":"scrollSpeed"},{"value":0,"angle":135,"type":"ease","var":"vfx.flashStrength","duration":4,"start":0.75,"time":208,"ease":"outSine"},{"value":1.2000000476837,"ease":"inOutSine","time":300,"duration":4,"angle":-67.5,"type":"ease","var":"scrollSpeed"},{"value":0.80000001192093,"ease":"inCirc","time":301,"duration":3,"angle":112.5,"type":"ease","var":"vfx.flashStrength"},{"value":0,"time":304,"duration":0,"angle":165,"type":"ease","var":"vfx.flashStrength"},{"enable":false,"time":304,"angle":75,"type":"outline","color":0},{"angle":0,"time":333.5,"type":"showResults"},{"value":0,"ease":"inOutSine","time":324,"duration":6,"angle":45,"type":"ease","var":"vfx.angleTwist.offset"},{"g":172,"order":0,"angle":270,"type":"setColor","b":255,"r":228,"color":1,"time":306},{"g":255,"order":1,"angle":292.5,"time":306,"b":255,"type":"setColor","duration":0.75,"r":255,"color":1,"ease":"linear"},{"g":172,"order":0,"angle":270,"type":"setColor","b":218,"r":255,"color":1,"time":307},{"g":255,"order":1,"angle":292.5,"time":307,"b":255,"type":"setColor","duration":0.75,"r":255,"color":1,"ease":"linear"},{"g":172,"order":0,"angle":270,"type":"setColor","b":255,"r":228,"color":1,"time":308},{"g":255,"order":1,"angle":292.5,"time":308,"b":255,"type":"setColor","duration":0.75,"r":255,"color":1,"ease":"linear"},{"g":172,"order":0,"angle":270,"type":"setColor","b":218,"r":255,"color":1,"time":310},{"g":255,"order":1,"angle":292.5,"time":310,"b":255,"type":"setColor","duration":0.75,"r":255,"color":1,"ease":"linear"},{"g":172,"order":0,"angle":270,"type":"setColor","b":255,"r":228,"color":1,"time":311},{"g":255,"order":1,"angle":292.5,"time":311,"b":255,"type":"setColor","duration":0.75,"r":255,"color":1,"ease":"linear"},{"g":172,"order":0,"angle":270,"type":"setColor","b":218,"r":255,"color":1,"time":312},{"g":255,"order":1,"angle":292.5,"time":312,"b":255,"type":"setColor","duration":0.75,"r":255,"color":1,"ease":"linear"},{"g":0,"b":0,"color":0,"r":0,"angle":180,"time":304,"type":"setColor"},{"g":172,"order":0,"angle":270,"type":"setColor","b":218,"r":255,"color":1,"time":313.5},{"g":255,"order":1,"angle":292.5,"time":313.5,"b":255,"type":"setColor","duration":0.75,"r":255,"color":1,"ease":"linear"},{"g":172,"order":0,"angle":270,"type":"setColor","b":255,"r":228,"color":1,"time":314},{"g":255,"order":1,"angle":292.5,"time":314,"b":255,"type":"setColor","duration":0.75,"r":255,"color":1,"ease":"linear"},{"g":172,"order":0,"angle":427.5,"type":"setColor","b":218,"r":255,"color":1,"time":315.5},{"g":255,"order":1,"angle":450,"time":315.5,"b":255,"type":"setColor","duration":0.75,"r":255,"color":1,"ease":"linear"},{"g":172,"order":0,"angle":427.5,"type":"setColor","b":255,"r":228,"color":1,"time":316},{"g":255,"order":1,"angle":450,"time":316,"b":255,"type":"setColor","duration":0.75,"r":255,"color":1,"ease":"linear"},{"g":172,"order":0,"angle":360,"type":"setColor","b":218,"r":255,"color":1,"time":317.5},{"g":255,"order":1,"angle":382.5,"time":317.5,"b":255,"type":"setColor","duration":0.75,"r":255,"color":1,"ease":"linear"},{"g":172,"order":0,"angle":360,"type":"setColor","b":255,"r":228,"color":1,"time":318},{"g":255,"order":1,"angle":382.5,"time":318,"b":255,"type":"setColor","duration":0.75,"r":255,"color":1,"ease":"linear"},{"g":172,"order":0,"angle":247.5,"type":"setColor","b":218,"r":255,"color":1,"time":319},{"g":255,"order":1,"angle":270,"time":319,"b":255,"type":"setColor","duration":0.75,"r":255,"color":1,"ease":"linear"},{"g":172,"order":0,"angle":247.5,"type":"setColor","b":255,"r":228,"color":1,"time":320},{"g":255,"order":1,"angle":270,"time":320,"b":255,"type":"setColor","duration":0.75,"r":255,"color":1,"ease":"linear"},{"g":172,"order":0,"angle":247.5,"type":"setColor","b":218,"r":255,"color":1,"time":321},{"g":255,"order":1,"angle":270,"time":321,"b":255,"type":"setColor","duration":0.75,"r":255,"color":1,"ease":"linear"},{"g":172,"order":0,"angle":247.5,"type":"setColor","b":255,"r":228,"color":1,"time":322},{"g":255,"order":1,"angle":270,"time":322,"b":255,"type":"setColor","duration":0.75,"r":255,"color":1,"ease":"linear"},{"g":172,"order":0,"angle":247.5,"type":"setColor","b":218,"r":255,"color":1,"time":323},{"g":255,"order":1,"angle":270,"time":323,"b":255,"type":"setColor","duration":0.75,"r":255,"color":1,"ease":"linear"},{"g":172,"order":0,"angle":247.5,"type":"setColor","b":255,"r":228,"color":1,"time":324},{"g":255,"order":1,"angle":270,"time":324,"b":255,"type":"setColor","duration":0.75,"r":255,"color":1,"ease":"linear"},{"g":172,"order":0,"angle":247.5,"type":"setColor","b":218,"r":255,"color":1,"time":325},{"g":255,"order":1,"angle":270,"time":325,"b":255,"type":"setColor","duration":0.75,"r":255,"color":1,"ease":"linear"},{"g":172,"order":0,"angle":247.5,"type":"setColor","b":255,"r":228,"color":1,"time":326},{"g":255,"order":1,"angle":270,"time":326,"b":255,"type":"setColor","duration":0.75,"r":255,"color":1,"ease":"linear"},{"g":172,"order":0,"angle":247.5,"type":"setColor","b":218,"r":255,"color":1,"time":327},{"g":255,"order":1,"angle":270,"time":327,"b":255,"type":"setColor","duration":0.75,"r":255,"color":1,"ease":"linear"},{"g":172,"order":0,"angle":247.5,"type":"setColor","b":255,"r":228,"color":1,"time":328},{"g":255,"order":1,"angle":270,"time":328,"b":255,"type":"setColor","duration":0.75,"r":255,"color":1,"ease":"linear"},{"g":172,"order":0,"angle":247.5,"type":"setColor","b":218,"r":255,"color":1,"time":330},{"g":255,"order":1,"angle":270,"time":330,"b":255,"type":"setColor","duration":0.75,"r":255,"color":1,"ease":"linear"},{"g":172,"order":0,"angle":247.5,"type":"setColor","b":255,"r":228,"color":1,"time":331},{"g":255,"order":1,"angle":270,"time":331,"b":255,"type":"setColor","duration":0.75,"r":255,"color":1,"ease":"linear"},{"g":32,"b":64,"r":224,"type":"setColor","angle":236.25,"time":32,"color":2},{"g":0,"b":128,"color":3,"r":160,"angle":225,"time":32,"type":"setColor"},{"value":1,"type":"ease","angle":326.25,"time":32,"var":"p.fillColor"},{"g":0,"b":128,"r":192,"type":"setColor","angle":213.75,"time":32,"color":4},{"g":18,"b":143,"r":71,"type":"setColor","angle":202.5,"time":32,"color":5},{"g":6,"b":193,"color":6,"r":108,"angle":191.25,"time":32,"type":"setColor"},{"g":16,"b":92,"r":42,"type":"setColor","angle":180,"time":32,"color":7},{"value":3,"type":"ease","angle":337.5,"time":32,"var":"p.outlineColor"},{"value":3,"type":"ease","angle":348.75,"time":32,"var":"p.faceColor"},{"value":0,"type":"ease","angle":105,"time":304,"var":"p.fillColor"},{"value":1,"type":"ease","angle":120,"time":304,"var":"p.outlineColor"},{"value":-1,"type":"ease","angle":135,"time":304,"var":"p.faceColor"},{"g":0,"angle":270,"type":"bookmark","b":0,"description":"","time":32,"r":0,"name":"Drop Part 1"},{"g":0,"angle":90,"type":"bookmark","b":0,"description":"","time":160,"r":0,"name":"Drop part 2"},{"g":0,"angle":270,"type":"bookmark","b":0,"description":"","time":208,"r":0,"name":"Drop part 3"},{"g":0,"angle":30,"type":"bookmark","b":0,"description":"","time":208,"r":0,"name":"Section"},{"g":0,"angle":90,"type":"bookmark","b":0,"description":"","time":304,"r":0,"name":"End"},{"y":200,"ox":300,"oy":-78,"angle":168.75,"time":31,"drawLayer":"bg","drawOrder":1,"hide":true,"id":"grass","sprite":"grass.png","type":"deco"},{"x":-1200,"order":0,"angle":168.75,"type":"deco","duration":272,"hide":false,"time":32,"id":"grass"},{"id":"grass","hide":true,"angle":30,"time":304,"type":"deco"},{"y":180,"order":1,"angle":157.5,"time":32,"duration":4,"type":"deco","id":"grass","ease":"outCirc"},{"x":400,"y":200,"ox":350,"oy":90,"angle":146.25,"type":"deco","drawLayer":"bg","drawOrder":0,"hide":true,"id":"trees","sprite":"trees.png","time":31},{"y":175,"order":0,"sprite":"trees.png","angle":135,"time":32,"type":"deco","duration":4,"hide":false,"id":"trees","ease":"outCirc"},{"x":-200,"order":0,"duration":272,"type":"deco","angle":146.25,"time":32,"hide":false,"sprite":"trees.png","id":"trees"},{"y":210,"time":301,"type":"deco","duration":3,"angle":30,"id":"grass","ease":"inCirc"},{"time":304,"hide":true,"angle":22.5,"type":"deco","id":"trees"},{"y":220,"time":301,"type":"deco","duration":3,"angle":15,"id":"trees","ease":"inCirc"}]}