[{"angle":225,"tap":true,"time":0,"type":"side"},{"angle":202.5,"time":0.25,"type":"block"},{"angle":180,"time":0.5,"type":"block"},{"angle":157.5,"time":0.75,"type":"block"},{"angle":135,"time":1,"type":"block"},{"angle":157.5,"time":1.25,"type":"block"},{"angle":180,"tap":true,"time":1.5,"type":"block"},{"angle":337.5,"tap":true,"time":2,"type":"side"},{"angle":360,"time":2.25,"type":"block"},{"angle":22.5,"time":2.5,"type":"block"},{"angle":45,"time":2.75,"type":"block"},{"angle":67.5,"time":3,"type":"block"},{"angle":45,"time":3.25,"type":"block"},{"angle":22.5,"tap":true,"time":3.5,"type":"block"},{"angle":292.5,"tap":true,"time":4,"type":"side"},{"angle":270,"time":4.25,"type":"block"},{"angle":247.5,"time":4.5,"type":"block"},{"angle":225,"time":4.75,"type":"block"},{"angle":202.5,"time":5,"type":"block"},{"angle":225,"time":5.25,"type":"block"},{"angle":247.5,"tap":true,"time":5.5,"type":"block"},{"angle":292.5,"tap":true,"time":6,"type":"block"},{"angle":270,"time":6.5,"type":"block"},{"angle":281.25,"time":6.625,"type":"block"},{"angle":258.75,"tap":true,"time":7,"type":"block"},{"angle":303.75,"time":7.5,"type":"block"},{"angle":-315,"tap":true,"time":8,"type":"side"},{"angle":67.5,"time":8.25,"type":"block"},{"angle":90,"time":8.5,"type":"block"},{"angle":112.5,"time":8.75,"type":"block"},{"angle":135,"time":9,"type":"block"},{"angle":112.5,"time":9.25,"type":"block"},{"angle":90,"tap":true,"time":9.5,"type":"block"},{"angle":-382.5,"tap":true,"time":10,"type":"side"},{"angle":-405,"time":10.25,"type":"block"},{"angle":-67.5,"time":10.5,"type":"block"},{"angle":-90,"time":10.75,"type":"block"},{"angle":-112.5,"time":11,"type":"block"},{"angle":-90,"time":11.25,"type":"block"},{"angle":-67.5,"tap":true,"time":11.5,"type":"block"},{"angle":-292.5,"tap":true,"time":12,"type":"side"},{"angle":-270,"time":12.25,"type":"block"},{"angle":-247.5,"time":12.5,"type":"block"},{"angle":-225,"time":12.75,"type":"block"},{"angle":-202.5,"time":13,"type":"block"},{"angle":-225,"time":13.25,"type":"block"},{"angle":-247.5,"tap":true,"time":13.5,"type":"block"},{"angle":405,"tap":true,"time":14,"type":"block"},{"angle":382.5,"time":14.5,"type":"block"},{"angle":393.75,"time":14.625,"type":"block"},{"angle":371.25,"tap":true,"time":15,"type":"block"},{"angle":67.5,"time":15.5,"type":"block"},{"angle":-45,"tap":true,"time":16,"type":"side"},{"angle":-67.5,"time":16.25,"type":"block"},{"angle":-90,"time":16.5,"type":"block"},{"angle":-112.5,"time":16.75,"type":"block"},{"angle":-135,"time":17,"type":"block"},{"angle":-112.5,"time":17.25,"type":"block"},{"angle":-90,"tap":true,"time":17.5,"type":"block"},{"angle":67.5,"tap":true,"time":18,"type":"side"},{"angle":90,"time":18.25,"type":"block"},{"angle":-247.5,"time":18.5,"type":"block"},{"angle":-225,"time":18.75,"type":"block"},{"angle":-202.5,"time":19,"type":"block"},{"angle":-225,"time":19.25,"type":"block"},{"angle":-247.5,"tap":true,"time":19.5,"type":"block"},{"angle":22.5,"tap":true,"time":20,"type":"side"},{"angle":0,"time":20.25,"type":"block"},{"angle":-22.5,"time":20.5,"type":"block"},{"angle":-45,"time":20.75,"type":"block"},{"angle":-67.5,"time":21,"type":"block"},{"angle":-45,"time":21.25,"type":"block"},{"angle":-22.5,"tap":true,"time":21.5,"type":"block"},{"angle":22.5,"tap":true,"time":22,"type":"block"},{"angle":0,"time":22.5,"type":"block"},{"angle":11.25,"time":22.625,"type":"block"},{"angle":-11.25,"tap":true,"time":23,"type":"block"},{"angle":33.75,"time":23.5,"type":"block"},{"angle":-585,"tap":true,"time":24,"type":"side"},{"angle":-202.5,"time":24.25,"type":"block"},{"angle":-180,"time":24.5,"type":"block"},{"angle":-157.5,"time":24.75,"type":"block"},{"angle":-135,"time":25,"type":"block"},{"angle":-157.5,"time":25.25,"type":"block"},{"angle":-180,"tap":true,"time":25.5,"type":"block"},{"angle":-652.5,"tap":true,"time":26,"type":"side"},{"angle":-675,"time":26.25,"type":"block"},{"angle":-337.5,"time":26.5,"type":"block"},{"angle":-360,"time":26.75,"type":"block"},{"angle":-382.5,"time":27,"type":"block"},{"angle":-360,"time":27.25,"type":"block"},{"angle":-337.5,"tap":true,"time":27.5,"type":"block"},{"angle":-562.5,"tap":true,"time":28,"type":"side"},{"angle":-540,"time":28.25,"type":"block"},{"angle":-517.5,"time":28.5,"type":"block"},{"angle":-495,"time":28.75,"type":"block"},{"angle":-472.5,"time":29,"type":"block"},{"angle":-495,"time":29.25,"type":"block"},{"angle":-517.5,"tap":true,"time":29.5,"type":"block"},{"angle":135,"tap":true,"time":30,"type":"block"},{"angle":112.5,"time":30.5,"type":"block"},{"angle":123.75,"time":30.625,"type":"block"},{"angle":101.25,"tap":true,"time":31,"type":"block"},{"angle":67.5,"time":31.5,"type":"block"},{"angle":22.5,"time":32,"type":"extraTap"},{"angle":90,"angle2":67.5,"time":32,"duration":0.5,"type":"hold"},{"angle":112.5,"angle2":90,"time":32,"duration":0.5,"type":"hold"},{"angle":67.5,"angle2":90,"time":32.75,"duration":0.5,"type":"hold"},{"angle":90,"angle2":112.5,"time":32.75,"duration":0.5,"type":"hold"},{"angle":67.5,"time":33.5,"type":"block"},{"angle":0,"angle2":-22.5,"time":34,"duration":0.5,"type":"hold"},{"angle":22.5,"angle2":0,"time":34,"duration":0.5,"type":"hold"},{"angle":315,"angle2":292.5,"time":34.75,"duration":0.5,"type":"hold"},{"angle":337.5,"angle2":315,"time":34.75,"duration":0.5,"type":"hold"},{"angle":270,"time":35.5,"type":"block"},{"angle":-22.5,"angle2":0,"time":36,"duration":0.5,"type":"hold"},{"angle":-45,"angle2":-22.5,"time":36,"duration":0.5,"type":"hold"},{"angle":-337.5,"angle2":-292.5,"time":36.75,"duration":0.5,"type":"hold"},{"angle":-360,"angle2":-315,"time":36.75,"duration":0.5,"type":"hold"},{"angle":90,"time":37.5,"type":"block"},{"angle":292.5,"time":34,"type":"extraTap"},{"angle":22.5,"time":36,"type":"extraTap"},{"angle":135,"tap":true,"time":38,"type":"block"},{"angle":90,"time":38.5,"type":"block"},{"angle":90,"time":38.75,"type":"block"},{"angle":112.5,"tap":true,"time":39,"type":"block"},{"angle":67.5,"time":38.625,"type":"block"},{"angle":45,"time":39.5,"type":"block"},{"angle":-202.5,"time":40,"type":"extraTap"},{"angle":-22.5,"angle2":-45,"time":40,"duration":0.5,"type":"hold"},{"angle":0,"angle2":-22.5,"time":40,"duration":0.5,"type":"hold"},{"angle":-45,"angle2":-22.5,"time":40.75,"duration":0.5,"type":"hold"},{"angle":-22.5,"angle2":0,"time":40.75,"duration":0.5,"type":"hold"},{"angle":22.5,"time":41.5,"type":"block"},{"angle":90,"angle2":112.5,"time":42,"duration":0.5,"type":"hold"},{"angle":67.5,"angle2":90,"time":42,"duration":0.5,"type":"hold"},{"angle":-225,"angle2":-202.5,"time":42.75,"duration":0.5,"type":"hold"},{"angle":-247.5,"angle2":-225,"time":42.75,"duration":0.5,"type":"hold"},{"angle":-180,"time":43.5,"type":"block"},{"angle":-247.5,"angle2":-270,"time":44,"duration":0.5,"type":"hold"},{"angle":-225,"angle2":-247.5,"time":44,"duration":0.5,"type":"hold"},{"angle":67.5,"angle2":22.5,"time":44.75,"duration":0.5,"type":"hold"},{"angle":90,"angle2":45,"time":44.75,"duration":0.5,"type":"hold"},{"angle":-360,"time":45.5,"type":"block"},{"angle":-202.5,"time":42,"type":"extraTap"},{"angle":-292.5,"time":44,"type":"extraTap"},{"angle":-405,"tap":true,"time":46,"type":"block"},{"angle":22.5,"time":46.5,"type":"block"},{"angle":67.5,"time":46.875,"type":"block"},{"angle":90,"tap":true,"time":47,"type":"block"},{"angle":45,"time":46.625,"type":"block"},{"angle":45,"time":47.5,"type":"block"},{"angle":-202.5,"time":48,"type":"extraTap"},{"angle":-22.5,"angle2":-45,"time":48,"duration":0.5,"type":"hold"},{"angle":0,"angle2":-22.5,"time":48,"duration":0.5,"type":"hold"},{"angle":-45,"angle2":-67.5,"time":48.75,"duration":0.5,"type":"hold"},{"angle":-67.5,"angle2":-90,"time":48.75,"duration":0.5,"type":"hold"},{"angle":315,"time":49.5,"type":"block"},{"angle":22.5,"angle2":45,"time":50,"duration":0.5,"type":"hold"},{"angle":0,"angle2":22.5,"time":50,"duration":0.5,"type":"hold"},{"angle":405,"angle2":382.5,"time":50.75,"duration":0.5,"type":"hold"},{"angle":427.5,"angle2":405,"time":50.75,"duration":0.5,"type":"hold"},{"angle":0,"time":51.5,"type":"block"},{"angle":-45,"angle2":-67.5,"time":52,"duration":0.5,"type":"hold"},{"angle":-22.5,"angle2":-45,"time":52,"duration":0.5,"type":"hold"},{"angle":270,"angle2":225,"time":52.75,"duration":0.5,"type":"hold"},{"angle":292.5,"angle2":247.5,"time":52.75,"duration":0.5,"type":"hold"},{"angle":-157.5,"time":53.5,"type":"block"},{"angle":-270,"time":50,"type":"extraTap"},{"angle":-90,"time":52,"type":"extraTap"},{"angle":-202.5,"tap":true,"time":54,"type":"block"},{"angle":-247.5,"time":54.5,"type":"block"},{"angle":67.5,"time":54.75,"type":"block"},{"angle":22.5,"tap":true,"time":55,"type":"block"},{"angle":-270,"time":54.625,"type":"block"},{"angle":337.5,"time":55.5,"type":"block"},{"angle":225,"time":56,"type":"extraTap"},{"angle":45,"angle2":67.5,"time":56,"duration":0.5,"type":"hold"},{"angle":22.5,"angle2":45,"time":56,"duration":0.5,"type":"hold"},{"angle":67.5,"angle2":45,"time":56.75,"duration":0.5,"type":"hold"},{"angle":45,"angle2":22.5,"time":56.75,"duration":0.5,"type":"hold"},{"angle":0,"time":57.5,"type":"block"},{"angle":-67.5,"angle2":-90,"time":58,"duration":0.5,"type":"hold"},{"angle":-45,"angle2":-67.5,"time":58,"duration":0.5,"type":"hold"},{"angle":247.5,"angle2":225,"time":58.75,"duration":0.5,"type":"hold"},{"angle":270,"angle2":247.5,"time":58.75,"duration":0.5,"type":"hold"},{"angle":202.5,"time":59.5,"type":"block"},{"angle":270,"angle2":292.5,"time":60,"duration":0.5,"type":"hold"},{"angle":247.5,"angle2":270,"time":60,"duration":0.5,"type":"hold"},{"angle":-45,"angle2":0,"time":60.75,"duration":0.5,"type":"hold"},{"angle":-67.5,"angle2":-22.5,"time":60.75,"duration":0.5,"type":"hold"},{"angle":382.5,"time":61.5,"type":"block"},{"angle":225,"time":58,"type":"extraTap"},{"angle":315,"time":60,"type":"extraTap"},{"angle":427.5,"tap":true,"time":62,"type":"block"},{"angle":0,"time":62.5,"type":"block"},{"angle":-45,"time":62.875,"type":"block"},{"angle":-67.5,"tap":true,"time":63,"type":"block"},{"angle":-22.5,"time":62.625,"type":"block"},{"angle":-22.5,"time":63.5,"type":"block"},{"angle":-135,"time":64,"type":"extraTap"},{"angle":-315,"angle2":-292.5,"time":64,"duration":0.5,"type":"hold"},{"angle":-337.5,"angle2":-315,"time":64,"duration":0.5,"type":"hold"},{"angle":-292.5,"angle2":-315,"time":64.75,"duration":0.5,"type":"hold"},{"angle":-315,"angle2":-337.5,"time":64.75,"duration":0.5,"type":"hold"},{"angle":-292.5,"time":65.5,"type":"block"},{"angle":-225,"angle2":-202.5,"time":66,"duration":0.5,"type":"hold"},{"angle":-247.5,"angle2":-225,"time":66,"duration":0.5,"type":"hold"},{"angle":-540,"angle2":-517.5,"time":66.75,"duration":0.5,"type":"hold"},{"angle":-562.5,"angle2":-540,"time":66.75,"duration":0.5,"type":"hold"},{"angle":-495,"time":67.5,"type":"block"},{"angle":-202.5,"angle2":-225,"time":68,"duration":0.5,"type":"hold"},{"angle":-180,"angle2":-202.5,"time":68,"duration":0.5,"type":"hold"},{"angle":112.5,"angle2":67.5,"time":68.75,"duration":0.5,"type":"hold"},{"angle":135,"angle2":90,"time":68.75,"duration":0.5,"type":"hold"},{"angle":-315,"time":69.5,"type":"block"},{"angle":-517.5,"time":66,"type":"extraTap"},{"angle":-247.5,"time":68,"type":"extraTap"},{"angle":-360,"tap":true,"time":70,"type":"block"},{"angle":315,"time":70.5,"type":"block"},{"angle":315,"time":70.75,"type":"block"},{"angle":337.5,"tap":true,"time":71,"type":"block"},{"angle":292.5,"time":70.625,"type":"block"},{"angle":45,"time":71.5,"type":"block"},{"angle":-67.5,"time":72,"type":"extraTap"},{"angle":-247.5,"angle2":-225,"time":72,"duration":0.5,"type":"hold"},{"angle":-270,"angle2":-247.5,"time":72,"duration":0.5,"type":"hold"},{"angle":-225,"angle2":-247.5,"time":72.75,"duration":0.5,"type":"hold"},{"angle":-247.5,"angle2":-270,"time":72.75,"duration":0.5,"type":"hold"},{"angle":-292.5,"time":73.5,"type":"block"},{"angle":-360,"angle2":-382.5,"time":74,"duration":0.5,"type":"hold"},{"angle":-337.5,"angle2":-360,"time":74,"duration":0.5,"type":"hold"},{"angle":-45,"angle2":-67.5,"time":74.75,"duration":0.5,"type":"hold"},{"angle":-22.5,"angle2":-45,"time":74.75,"duration":0.5,"type":"hold"},{"angle":-90,"time":75.5,"type":"block"},{"angle":-22.5,"angle2":0,"time":76,"duration":0.5,"type":"hold"},{"angle":-45,"angle2":-22.5,"time":76,"duration":0.5,"type":"hold"},{"angle":-337.5,"angle2":-292.5,"time":76.75,"duration":0.5,"type":"hold"},{"angle":-360,"angle2":-315,"time":76.75,"duration":0.5,"type":"hold"},{"angle":90,"time":77.5,"type":"block"},{"angle":-67.5,"time":74,"type":"extraTap"},{"angle":22.5,"time":76,"type":"extraTap"},{"angle":135,"tap":true,"time":78,"type":"block"},{"angle":-292.5,"time":78.5,"type":"block"},{"angle":-337.5,"time":78.875,"type":"block"},{"angle":-360,"tap":true,"time":79,"type":"block"},{"angle":-315,"time":78.625,"type":"block"},{"angle":315,"time":79.5,"type":"block"},{"angle":-157.5,"time":80,"type":"extraTap"},{"angle":-337.5,"angle2":-315,"time":80,"duration":0.5,"type":"hold"},{"angle":-360,"angle2":-337.5,"time":80,"duration":0.5,"type":"hold"},{"angle":-315,"angle2":-292.5,"time":80.75,"duration":0.5,"type":"hold"},{"angle":-292.5,"angle2":-270,"time":80.75,"duration":0.5,"type":"hold"},{"angle":-675,"time":81.5,"type":"block"},{"angle":-382.5,"angle2":-405,"time":82,"duration":0.5,"type":"hold"},{"angle":-360,"angle2":-382.5,"time":82,"duration":0.5,"type":"hold"},{"angle":-765,"angle2":-742.5,"time":82.75,"duration":0.5,"type":"hold"},{"angle":-787.5,"angle2":-765,"time":82.75,"duration":0.5,"type":"hold"},{"angle":-360,"time":83.5,"type":"block"},{"angle":-315,"angle2":-292.5,"time":84,"duration":0.5,"type":"hold"},{"angle":-337.5,"angle2":-315,"time":84,"duration":0.5,"type":"hold"},{"angle":-630,"angle2":-585,"time":84.75,"duration":0.5,"type":"hold"},{"angle":-652.5,"angle2":-607.5,"time":84.75,"duration":0.5,"type":"hold"},{"angle":-202.5,"time":85.5,"type":"block"},{"angle":-90,"time":82,"type":"extraTap"},{"angle":-270,"time":84,"type":"extraTap"},{"angle":-157.5,"tap":true,"time":86,"type":"block"},{"angle":-112.5,"time":86.5,"type":"block"},{"angle":-427.5,"time":86.75,"type":"block"},{"angle":-382.5,"tap":true,"time":87,"type":"block"},{"angle":-90,"time":86.625,"type":"block"},{"angle":-697.5,"time":87.5,"type":"block"},{"angle":-585,"time":88,"type":"extraTap"},{"angle":-405,"angle2":-427.5,"time":88,"duration":0.5,"type":"hold"},{"angle":-382.5,"angle2":-405,"time":88,"duration":0.5,"type":"hold"},{"angle":-427.5,"angle2":-405,"time":88.75,"duration":0.5,"type":"hold"},{"angle":-405,"angle2":-382.5,"time":88.75,"duration":0.5,"type":"hold"},{"angle":-360,"time":89.5,"type":"block"},{"angle":-292.5,"angle2":-270,"time":90,"duration":0.5,"type":"hold"},{"angle":-315,"angle2":-292.5,"time":90,"duration":0.5,"type":"hold"},{"angle":-607.5,"angle2":-585,"time":90.75,"duration":0.5,"type":"hold"},{"angle":-630,"angle2":-607.5,"time":90.75,"duration":0.5,"type":"hold"},{"angle":-562.5,"time":91.5,"type":"block"},{"angle":-630,"angle2":-652.5,"time":92,"duration":0.5,"type":"hold"},{"angle":-607.5,"angle2":-630,"time":92,"duration":0.5,"type":"hold"},{"angle":90,"angle2":135,"time":92.75,"duration":0.5,"type":"hold"},{"angle":67.5,"angle2":112.5,"time":92.75,"duration":0.5,"type":"hold"},{"angle":517.5,"time":93.5,"type":"block"},{"angle":-585,"time":90,"type":"extraTap"},{"angle":-675,"time":92,"type":"extraTap"},{"angle":112.5,"tap":true,"time":94,"type":"block"},{"angle":67.5,"time":94.5,"type":"block"},{"angle":22.5,"time":94.875,"type":"block"},{"angle":0,"tap":true,"time":95,"type":"block"},{"angle":45,"time":94.625,"type":"block"},{"angle":45,"time":95.5,"type":"block"},{"angle":630,"time":96,"type":"extraTap"},{"angle":405,"time":100,"type":"extraTap"},{"angle":630,"time":304.25,"type":"block"},{"angle":292.5,"time":304.5,"type":"block"},{"angle":315,"time":304.75,"type":"block"},{"angle":337.5,"time":305,"type":"block"},{"angle":315,"time":305.25,"type":"block"},{"angle":292.5,"time":305.5,"type":"block"},{"angle":-427.5,"time":104,"type":"extraTap"},{"angle":315,"time":106,"type":"extraTap"},{"angle":472.5,"time":108,"type":"extraTap"},{"angle":472.5,"tap":true,"time":96,"type":"block"},{"angle":135,"time":96.25,"type":"block"},{"angle":90,"time":96.75,"type":"block"},{"angle":112.5,"time":96.5,"type":"block"},{"angle":67.5,"time":97,"type":"block"},{"angle":90,"time":97.25,"type":"block"},{"angle":67.5,"time":97.5,"type":"block"},{"angle":360,"tap":true,"time":98,"type":"block"},{"angle":315,"time":98.5,"type":"block"},{"angle":303.75,"time":98.625,"type":"block"},{"angle":315,"time":98.75,"type":"block"},{"angle":337.5,"tap":true,"time":99,"type":"block"},{"angle":292.5,"time":99.5,"type":"block"},{"angle":225,"tap":true,"time":100,"type":"block"},{"angle":202.5,"time":100.25,"type":"block"},{"angle":180,"time":100.5,"type":"block"},{"angle":157.5,"time":100.75,"type":"block"},{"angle":180,"time":101,"type":"block"},{"angle":157.5,"time":101.25,"type":"block"},{"angle":135,"time":101.5,"type":"block"},{"angle":225,"tap":true,"time":102,"type":"block"},{"angle":281.25,"time":102.5,"type":"block"},{"angle":270,"time":102.625,"type":"block"},{"angle":281.25,"time":102.75,"type":"block"},{"angle":315,"tap":true,"time":103,"type":"block"},{"angle":360,"time":103.5,"type":"block"},{"angle":45,"tap":true,"time":104,"type":"block"},{"angle":67.5,"time":104.25,"type":"block"},{"angle":45,"time":104.5,"type":"block"},{"angle":22.5,"time":104.75,"type":"block"},{"angle":360,"time":105,"type":"block"},{"angle":337.5,"time":105.25,"type":"block"},{"angle":315,"tap":true,"time":105.5,"type":"block"},{"angle":22.5,"tap":true,"time":106,"type":"block"},{"angle":45,"time":106.25,"type":"block"},{"angle":67.5,"time":106.5,"type":"block"},{"angle":90,"time":106.75,"type":"block"},{"angle":112.5,"time":107,"type":"block"},{"angle":135,"time":107.25,"type":"block"},{"angle":157.5,"tap":true,"time":107.5,"type":"block"},{"angle":151.875,"time":107.4375,"type":"block"},{"angle":225,"tap":true,"time":108,"type":"block"},{"angle":247.5,"time":108.25,"type":"block"},{"angle":270,"time":108.5,"type":"block"},{"angle":292.5,"time":108.75,"type":"block"},{"angle":315,"time":109,"type":"block"},{"angle":292.5,"time":109.25,"type":"block"},{"angle":270,"tap":true,"time":109.5,"type":"block"},{"angle":315,"tap":true,"time":110,"type":"block"},{"angle":22.5,"time":110.5,"type":"block"},{"angle":90,"tap":true,"time":111,"type":"block"},{"angle":337.5,"tap":true,"time":110,"type":"block"},{"angle":67.5,"tap":true,"time":111,"type":"block"},{"angle":45,"time":111.5,"type":"block"},{"angle":22.5,"tap":true,"time":112,"type":"block"},{"angle":0,"tap":true,"time":112,"type":"block"},{"angle":90,"time":112.5,"type":"block"},{"angle":45,"tap":true,"time":113,"type":"block"},{"angle":22.5,"tap":true,"time":113,"type":"block"},{"angle":112.5,"time":113.5,"type":"block"},{"holdEase":"outQuad","duration":1,"angle":67.5,"angle2":-22.5,"time":114,"endTap":true,"startTap":true,"type":"hold"},{"holdEase":"outQuad","duration":1,"angle":45,"angle2":-45,"time":114,"endTap":true,"startTap":true,"type":"hold"},{"angle":270,"time":115.5,"type":"block"},{"angle":281.25,"time":115.4375,"type":"block"},{"angle":225,"time":116,"type":"block"},{"angle":202.5,"tap":true,"time":116,"type":"block"},{"angle":225,"tap":true,"time":116,"type":"block"},{"angle":270,"time":116.5,"type":"block"},{"angle":292.5,"tap":true,"time":117,"type":"block"},{"angle":315,"tap":true,"time":117,"type":"block"},{"angle":0,"time":117.5,"type":"block"},{"holdEase":"outQuad","duration":1,"angle":45,"angle2":135,"time":118,"endTap":true,"startTap":true,"type":"hold"},{"holdEase":"outQuad","duration":1,"angle":67.5,"angle2":157.5,"time":118,"endTap":true,"startTap":true,"type":"hold"},{"angle":146.25,"time":118.875,"type":"block"},{"angle":90,"time":119.5,"type":"block"},{"angle":45,"angle2":-22.5,"time":120,"type":"hold","startTap":true,"holdEase":"outQuad","duration":1.5},{"angle":22.5,"angle2":-45,"time":120,"type":"hold","startTap":true,"holdEase":"outQuad","duration":1.5},{"angle":292.5,"tap":true,"time":122,"type":"block"},{"angle":270,"tap":true,"time":122,"type":"block"},{"angle":315,"time":122.5,"type":"block"},{"angle":360,"angle2":405,"time":123,"type":"hold","startTap":true,"holdEase":"inQuad","duration":0.75},{"angle":22.5,"angle2":67.5,"time":123,"type":"hold","startTap":true,"holdEase":"inQuad","duration":0.74999994039536},{"angle":45,"angle2":-67.5,"time":124,"type":"hold","startTap":true,"holdEase":"outQuad","duration":1.5},{"angle":67.5,"angle2":-45,"time":124,"type":"hold","startTap":true,"holdEase":"outQuad","duration":1.5},{"angle":270,"time":126,"type":"block"},{"angle":247.5,"time":126.5,"type":"block"},{"angle":225,"time":127,"type":"block"},{"angle":202.5,"time":127.5,"type":"block"},{"angle":180,"time":128,"type":"block"},{"angle":135,"time":128.5,"type":"block"},{"angle":90,"time":129,"type":"block"},{"angle":135,"time":129.5,"type":"block"},{"angle":180,"angle2":270,"time":130,"duration":1,"type":"hold"},{"angle":315,"time":131.5,"type":"block"},{"angle":270,"time":132,"type":"block"},{"angle":315,"time":132.5,"type":"block"},{"angle":0,"time":133,"type":"block"},{"angle":45,"time":133.5,"type":"block"},{"angle":360,"angle2":225,"time":134,"duration":1.5,"type":"hold"},{"angle":247.5,"time":135.75,"type":"block"},{"angle":270,"time":136,"type":"block"},{"angle":315,"time":136.5,"type":"block"},{"angle":0,"time":137,"type":"block"},{"angle":45,"time":137.5,"type":"block"},{"angle":90,"angle2":180,"time":138,"duration":1,"type":"hold"},{"angle":135,"time":139.5,"type":"block"},{"angle":90,"angle2":-90,"time":140,"duration":1.5,"type":"hold"},{"angle":315,"angle2":495,"time":142,"duration":1.5,"type":"hold"},{"angle":157.5,"time":143.75,"type":"block"},{"angle":180,"time":144,"type":"block"},{"angle":135,"time":144.5,"type":"block"},{"angle":90,"time":145,"type":"block"},{"angle":45,"time":145.5,"type":"block"},{"angle":0,"angle2":90,"time":146,"duration":1,"type":"hold"},{"angle":135,"time":147.5,"type":"block"},{"angle":90,"time":148,"type":"block"},{"angle":45,"time":148.5,"type":"block"},{"angle":360,"time":149,"type":"block"},{"angle":315,"time":149.5,"type":"block"},{"angle":270,"angle2":180,"time":150,"duration":1,"type":"hold"},{"angle":225,"time":151.5,"type":"block"},{"angle":270,"time":152,"type":"block"},{"angle":315,"time":152.5,"type":"block"},{"angle":270,"time":153,"type":"block"},{"angle":225,"time":153.5,"type":"block"},{"angle":270,"angle2":360,"time":154,"duration":1,"type":"hold"},{"angle":45,"time":155.5,"type":"block"},{"angle":360,"angle2":225,"time":156,"duration":1.5,"type":"hold"},{"angle":168.75,"time":158,"type":"block"},{"angle":123.75,"time":158.5,"type":"block"},{"angle":101.25,"time":159,"type":"block"},{"angle":33.75,"time":159.5,"type":"block"},{"angle":348.75,"tap":true,"time":160,"type":"block"},{"angle":11.25,"tap":true,"time":160,"type":"block"},{"angle":191.25,"time":158,"type":"block"},{"angle":146.25,"time":158.5,"type":"block"},{"angle":78.75,"time":159,"type":"block"},{"angle":56.25,"time":159.5,"type":"block"},{"angle":180,"time":160,"type":"extraTap"},{"angle":315,"time":160.5,"type":"block"},{"angle":292.5,"time":160.5,"type":"block"},{"angle":247.5,"tap":true,"time":161,"type":"block"},{"angle":225,"tap":true,"time":161,"type":"block"},{"angle":315,"time":161.5,"type":"block"},{"angle":292.5,"time":161.5,"type":"block"},{"angle":22.5,"angle2":78.75,"time":162,"type":"hold","startTap":true,"holdEase":"outQuad","duration":1},{"angle":360,"angle2":416.25,"time":162,"type":"hold","startTap":true,"holdEase":"outQuad","duration":1},{"angle":101.25,"time":163.5,"type":"block"},{"angle":123.75,"time":163.5,"type":"block"},{"angle":157.5,"tap":true,"time":164,"type":"block"},{"angle":180,"tap":true,"time":164,"type":"block"},{"angle":112.5,"time":164.5,"type":"block"},{"angle":90,"time":164.5,"type":"block"},{"angle":56.25,"tap":true,"time":165,"type":"block"},{"angle":33.75,"tap":true,"time":165,"type":"block"},{"angle":78.75,"time":165.5,"type":"block"},{"angle":101.25,"time":165.5,"type":"block"},{"angle":45,"angle2":-45,"time":166,"type":"hold","startTap":true,"holdEase":"outQuad","duration":1.5},{"angle":22.5,"angle2":-67.5,"time":166,"type":"hold","startTap":true,"holdEase":"outQuad","duration":1.5},{"angle":270,"tap":true,"time":168,"type":"block"},{"angle":247.5,"tap":true,"time":168,"type":"block"},{"angle":281.25,"time":167.75,"type":"block"},{"angle":213.75,"time":168.5,"type":"block"},{"angle":191.25,"time":168.5,"type":"block"},{"angle":236.25,"tap":true,"time":169,"type":"block"},{"angle":258.75,"tap":true,"time":169,"type":"block"},{"angle":292.5,"time":169.5,"type":"block"},{"angle":315,"time":169.5,"type":"block"},{"angle":22.5,"angle2":90,"time":170,"type":"hold","startTap":true,"holdEase":"outQuad","duration":1},{"angle":0,"angle2":67.5,"time":170,"type":"hold","startTap":true,"holdEase":"outQuad","duration":1},{"angle":303.75,"time":167.375,"type":"block"},{"angle":123.75,"time":171.5,"type":"block"},{"angle":146.25,"time":171.5,"type":"block"},{"angle":191.25,"angle2":281.25,"time":172,"type":"hold","startTap":true,"holdEase":"inQuad","duration":1.5},{"angle":213.75,"angle2":303.75,"time":172,"type":"hold","startTap":true,"holdEase":"inQuad","duration":1.5},{"angle":258.75,"angle2":135,"time":174,"type":"hold","startTap":true,"holdEase":"outQuad","duration":1.5},{"angle":236.25,"angle2":112.5,"time":174,"type":"hold","startTap":true,"holdEase":"outQuad","duration":1.5},{"angle":101.25,"time":175.75,"type":"block"},{"angle":90,"tap":true,"time":176,"type":"block"},{"angle":67.5,"tap":true,"time":176,"type":"block"},{"angle":22.5,"time":176.5,"type":"block"},{"angle":45,"time":176.5,"type":"block"},{"angle":78.75,"tap":true,"time":177,"type":"block"},{"angle":101.25,"tap":true,"time":177,"type":"block"},{"angle":135,"time":177.5,"type":"block"},{"angle":157.5,"time":177.5,"type":"block"},{"angle":202.5,"angle2":112.5,"time":178,"type":"hold","startTap":true,"holdEase":"outQuad","duration":1},{"angle":180,"angle2":90,"time":178,"type":"hold","startTap":true,"holdEase":"outQuad","duration":1},{"angle":67.5,"time":179.5,"type":"block"},{"angle":45,"time":179.5,"type":"block"},{"angle":22.5,"tap":true,"time":180,"type":"block"},{"angle":360,"tap":true,"time":180,"type":"block"},{"angle":315,"time":180.5,"type":"block"},{"angle":337.5,"time":180.5,"type":"block"},{"angle":292.5,"tap":true,"time":181,"type":"block"},{"angle":270,"tap":true,"time":181,"type":"block"},{"angle":315,"time":181.5,"type":"block"},{"angle":337.5,"time":181.5,"type":"block"},{"angle":11.25,"angle2":78.75,"time":182,"type":"hold","startTap":true,"holdEase":"outQuad","duration":1},{"angle":33.75,"angle2":101.25,"time":182,"type":"hold","startTap":true,"holdEase":"outQuad","duration":1},{"angle":90,"time":182.875,"type":"block"},{"angle":123.75,"time":183.5,"type":"block"},{"angle":146.25,"time":183.5,"type":"block"},{"angle":202.5,"angle2":292.5,"time":184,"type":"hold","startTap":true,"holdEase":"outSine","duration":1.5},{"angle":225,"angle2":315,"time":184,"type":"hold","startTap":true,"holdEase":"outSine","duration":1.5},{"angle":348.75,"tap":true,"time":186,"type":"block"},{"angle":11.25,"tap":true,"time":186,"type":"block"},{"angle":315,"time":186.5,"type":"block"},{"angle":292.5,"time":186.5,"type":"block"},{"angle":258.75,"angle2":213.75,"time":187,"type":"hold","startTap":true,"holdEase":"inQuad","duration":0.75},{"angle":236.25,"angle2":191.25,"time":187,"type":"hold","startTap":true,"holdEase":"inQuad","duration":0.75},{"angle":191.25,"angle2":101.25,"time":188,"type":"hold","startTap":true,"holdEase":"outQuad","duration":1.5},{"angle":168.75,"angle2":78.75,"time":188,"type":"hold","startTap":true,"holdEase":"outQuad","duration":1.5},{"angle":45,"tap":true,"time":190,"type":"block"},{"angle":0,"time":190.5,"type":"block"},{"angle":45,"tap":true,"time":191,"type":"block"},{"angle":90,"time":191.5,"type":"block"},{"angle":135,"angle2":270,"time":192,"type":"hold","startTap":true,"holdEase":"outQuad","duration":1.5},{"angle":315,"tap":true,"time":194,"type":"block"},{"angle":0,"time":194.5,"type":"block"},{"angle":45,"angle2":-22.5,"time":195,"type":"hold","startTap":true,"holdEase":"inQuad","duration":0.75},{"angle":315,"angle2":135,"time":196,"type":"hold","startTap":true,"holdEase":"outQuad","duration":1.5},{"angle":90,"tap":true,"time":198,"type":"block"},{"angle":45,"time":198.5,"type":"block"},{"angle":360,"time":199,"type":"block"},{"angle":315,"time":199.5,"type":"block"},{"angle":270,"angle2":405,"time":200,"type":"hold","startTap":true,"holdEase":"inCubic","duration":1.5},{"angle":90,"angle2":-45,"time":202,"type":"hold","startTap":true,"holdEase":"inCubic","duration":1.5},{"angle":0,"tap":true,"time":204,"type":"block"},{"angle":157.5,"time":205.5,"type":"block"},{"angle":180,"tap":true,"time":206,"type":"block"},{"angle":213.75,"time":206.5,"type":"block"},{"angle":225,"time":206.625,"type":"block"},{"angle":213.75,"time":206.75,"type":"block"},{"angle":191.25,"tap":true,"time":207,"type":"block"},{"angle":146.25,"time":207.5,"type":"block"},{"angle":112.5,"angle2":45,"time":208,"type":"hold","startTap":true,"holdEase":"outBack","duration":2.5},{"angle":67.5,"time":211,"type":"block"},{"angle":360,"time":208,"type":"extraTap"},{"angle":90,"angle2":168.75,"time":211.5,"type":"hold","startTap":true,"holdEase":"outQuart","duration":1.25},{"angle":202.5,"angle2":270,"time":213,"type":"hold","startTap":true,"holdEase":"inSine","duration":1},{"angle":180,"time":212.875,"type":"block"},{"angle":270,"angle2":213.75,"time":214,"type":"hold","startTap":true,"holdEase":"inSine","duration":1},{"angle":213.75,"angle2":281.25,"time":215,"type":"hold","startTap":true,"holdEase":"inSine","duration":1},{"angle":281.25,"angle2":326.25,"time":216,"type":"hold","startTap":true,"holdEase":"inQuad","duration":0.75},{"angle":56.25,"angle2":168.75,"time":217.5,"type":"hold","startTap":true,"holdEase":"outQuad","duration":1.5},{"holdEase":"outQuad","duration":1.5,"angle":101.25,"angle2":0,"time":219.5,"endTap":true,"startTap":true,"type":"hold"},{"angle":292.5,"time":221.5,"type":"block"},{"angle":337.5,"tap":true,"time":222,"type":"block"},{"angle":270,"time":222.5,"type":"block"},{"angle":315,"tap":true,"time":223,"type":"block"},{"angle":247.5,"time":223.5,"type":"block"},{"angle":225,"angle2":191.25,"time":224,"duration":0.75,"startTap":true,"type":"hold"},{"angle":213.75,"angle2":180,"time":224,"duration":0.75,"startTap":true,"type":"hold"},{"angle":191.25,"angle2":236.25,"time":224.75,"duration":0.75,"type":"hold"},{"angle":180,"angle2":225,"time":224.75,"duration":0.75,"type":"hold"},{"angle":-450,"angle2":-416.25,"time":226,"duration":0.75,"startTap":true,"type":"hold"},{"angle":-438.75,"angle2":-405,"time":226,"duration":0.75,"startTap":true,"type":"hold"},{"angle":-416.25,"angle2":-360,"time":226.75,"duration":0.75,"type":"hold"},{"angle":-405,"angle2":-348.75,"time":226.75,"duration":0.75,"type":"hold"},{"angle":56.25,"angle2":-67.5,"time":228,"duration":1.75,"startTap":true,"type":"hold"},{"angle":45,"angle2":-78.75,"time":228,"duration":1.75,"startTap":true,"type":"hold"},{"angle":292.5,"time":229.83332824707,"type":"block"},{"angle":281.25,"time":229.91667175293,"type":"block"},{"angle":292.5,"angle2":360,"time":230,"duration":1,"type":"hold"},{"angle":0,"angle2":-90,"time":231,"duration":1,"type":"hold"},{"angle":270,"angle2":281.25,"time":232,"duration":0.75,"startTap":true,"type":"hold"},{"angle":360,"angle2":461.25,"time":233.5,"duration":1.5,"startTap":true,"type":"hold"},{"angle":146.25,"angle2":-11.25,"time":235.5,"duration":2.5,"startTap":true,"type":"hold"},{"angle":348.75,"angle2":438.75,"time":238,"duration":1,"startTap":true,"type":"hold"},{"angle":78.75,"angle2":67.5,"time":239,"duration":1,"startTap":true,"type":"hold"},{"angle":-292.5,"angle2":-202.5,"time":240,"type":"hold","startTap":true,"holdEase":"outBack","duration":2.5},{"angle":-247.5,"time":243,"type":"block"},{"angle":-270,"angle2":-348.75,"time":243.5,"type":"hold","startTap":true,"holdEase":"outQuart","duration":1.25},{"angle":348.75,"angle2":416.25,"time":245,"type":"hold","startTap":true,"holdEase":"inSine","duration":1},{"angle":-360,"time":244.875,"type":"block"},{"angle":416.25,"angle2":360,"time":246,"type":"hold","startTap":true,"holdEase":"inSine","duration":1},{"angle":360,"angle2":427.5,"time":247,"type":"hold","startTap":true,"holdEase":"inSine","duration":1},{"angle":427.5,"angle2":472.5,"time":248,"type":"hold","startTap":true,"holdEase":"inQuad","duration":0.75},{"angle":-236.25,"angle2":-348.75,"time":249.5,"type":"hold","startTap":true,"holdEase":"outQuad","duration":1.5},{"holdEase":"outQuad","duration":1.5,"angle":-281.25,"angle2":-180,"time":251.5,"endTap":true,"startTap":true,"type":"hold"},{"angle":225,"time":253.5,"type":"block"},{"angle":270,"tap":true,"time":254,"type":"block"},{"angle":202.5,"time":254.5,"type":"block"},{"angle":247.5,"tap":true,"time":255,"type":"block"},{"angle":180,"time":255.5,"type":"block"},{"angle":157.5,"angle2":123.75,"time":256,"duration":0.75,"startTap":true,"type":"hold"},{"angle":146.25,"angle2":112.5,"time":256,"duration":0.75,"startTap":true,"type":"hold"},{"angle":123.75,"angle2":168.75,"time":256.75,"duration":0.75,"type":"hold"},{"angle":112.5,"angle2":157.5,"time":256.75,"duration":0.75,"type":"hold"},{"angle":-517.5,"angle2":-483.75,"time":258,"duration":0.75,"startTap":true,"type":"hold"},{"angle":-506.25,"angle2":-472.5,"time":258,"duration":0.75,"startTap":true,"type":"hold"},{"angle":-483.75,"angle2":-427.5,"time":258.75,"duration":0.75,"type":"hold"},{"angle":-472.5,"angle2":-416.25,"time":258.75,"duration":0.75,"type":"hold"},{"angle":-11.25,"angle2":112.5,"time":260,"duration":1.75,"startTap":true,"type":"hold"},{"angle":0,"angle2":123.75,"time":260,"duration":1.75,"startTap":true,"type":"hold"},{"angle":-247.5,"time":261.83332824707,"type":"block"},{"angle":-236.25,"time":261.91667175293,"type":"block"},{"angle":-247.5,"angle2":-315,"time":262,"duration":1,"type":"hold"},{"angle":45,"angle2":135,"time":263,"duration":1,"type":"hold"},{"angle":-225,"angle2":-236.25,"time":264,"duration":0.75,"startTap":true,"type":"hold"},{"angle":-315,"angle2":-416.25,"time":265.5,"duration":1.5,"startTap":true,"type":"hold"},{"angle":-101.25,"angle2":56.25,"time":267.5,"duration":2.5,"startTap":true,"type":"hold"},{"angle":-303.75,"angle2":-393.75,"time":270,"duration":1,"startTap":true,"type":"hold"},{"angle":-33.75,"angle2":-90,"time":271,"duration":1,"endTap":true,"startTap":true,"type":"hold"},{"angle":-112.5,"time":272.25,"type":"block"},{"angle":-67.5,"time":272.75,"type":"block"},{"angle":-90,"time":272.5,"type":"block"},{"angle":-45,"time":273,"type":"block"},{"angle":-67.5,"time":273.25,"type":"block"},{"angle":-45,"time":273.5,"type":"block"},{"angle":-337.5,"tap":true,"time":274,"type":"block"},{"angle":-292.5,"time":274.5,"type":"block"},{"angle":-281.25,"time":274.625,"type":"block"},{"angle":-292.5,"time":274.75,"type":"block"},{"angle":-315,"tap":true,"time":275,"type":"block"},{"angle":-270,"time":275.5,"type":"block"},{"angle":-202.5,"tap":true,"time":276,"type":"block"},{"angle":-180,"time":276.25,"type":"block"},{"angle":-157.5,"time":276.5,"type":"block"},{"angle":-135,"time":276.75,"type":"block"},{"angle":-157.5,"time":277,"type":"block"},{"angle":-135,"time":277.25,"type":"block"},{"angle":-112.5,"time":277.5,"type":"block"},{"angle":-202.5,"tap":true,"time":278,"type":"block"},{"angle":-258.75,"time":278.5,"type":"block"},{"angle":-247.5,"time":278.625,"type":"block"},{"angle":-258.75,"time":278.75,"type":"block"},{"angle":-292.5,"tap":true,"time":279,"type":"block"},{"angle":-337.5,"time":279.5,"type":"block"},{"angle":-22.5,"tap":true,"time":280,"type":"block"},{"angle":-45,"time":280.25,"type":"block"},{"angle":-22.5,"time":280.5,"type":"block"},{"angle":0,"time":280.75,"type":"block"},{"angle":-337.5,"time":281,"type":"block"},{"angle":-315,"time":281.25,"type":"block"},{"angle":-292.5,"tap":true,"time":281.5,"type":"block"},{"angle":0,"tap":true,"time":282,"type":"block"},{"angle":-22.5,"time":282.25,"type":"block"},{"angle":-45,"time":282.5,"type":"block"},{"angle":-67.5,"time":282.75,"type":"block"},{"angle":-90,"time":283,"type":"block"},{"angle":-112.5,"time":283.25,"type":"block"},{"angle":-135,"tap":true,"time":283.5,"type":"block"},{"angle":-129.375,"time":283.4375,"type":"block"},{"angle":-202.5,"tap":true,"time":284,"type":"block"},{"angle":-225,"time":284.25,"type":"block"},{"angle":-247.5,"time":284.5,"type":"block"},{"angle":-270,"time":284.75,"type":"block"},{"angle":-292.5,"time":285,"type":"block"},{"angle":-270,"time":285.25,"type":"block"},{"angle":-247.5,"tap":true,"time":285.5,"type":"block"},{"angle":-292.5,"tap":true,"time":286,"type":"block"},{"angle":0,"time":286.5,"type":"block"},{"angle":-67.5,"tap":true,"time":287,"type":"block"},{"angle":-315,"tap":true,"time":286,"type":"block"},{"angle":-45,"tap":true,"time":287,"type":"block"},{"angle":-22.5,"time":287.5,"type":"block"},{"angle":0,"tap":true,"time":288,"type":"block"},{"angle":22.5,"tap":true,"time":288,"type":"block"},{"angle":-67.5,"time":288.5,"type":"block"},{"angle":-22.5,"tap":true,"time":289,"type":"block"},{"angle":0,"tap":true,"time":289,"type":"block"},{"angle":-90,"time":289.5,"type":"block"},{"holdEase":"outQuad","duration":1,"angle":-45,"angle2":45,"time":290,"endTap":true,"startTap":true,"type":"hold"},{"holdEase":"outQuad","duration":1,"angle":-22.5,"angle2":67.5,"time":290,"endTap":true,"startTap":true,"type":"hold"},{"angle":-247.5,"time":291.5,"type":"block"},{"angle":-258.75,"time":291.4375,"type":"block"},{"angle":-202.5,"time":292,"type":"block"},{"angle":-180,"tap":true,"time":292,"type":"block"},{"angle":-202.5,"tap":true,"time":292,"type":"block"},{"angle":-247.5,"time":292.5,"type":"block"},{"angle":-270,"tap":true,"time":293,"type":"block"},{"angle":-292.5,"tap":true,"time":293,"type":"block"},{"angle":22.5,"time":293.5,"type":"block"},{"holdEase":"outQuad","duration":1,"angle":-22.5,"angle2":-112.5,"time":294,"endTap":true,"startTap":true,"type":"hold"},{"holdEase":"outQuad","duration":1,"angle":-45,"angle2":-135,"time":294,"endTap":true,"startTap":true,"type":"hold"},{"angle":-123.75,"time":294.875,"type":"block"},{"angle":-67.5,"time":295.5,"type":"block"},{"angle":-22.5,"angle2":45,"time":296,"type":"hold","startTap":true,"holdEase":"outQuad","duration":1.5},{"angle":0,"angle2":67.5,"time":296,"type":"hold","startTap":true,"holdEase":"outQuad","duration":1.5},{"angle":-270,"tap":true,"time":298,"type":"block"},{"angle":-247.5,"tap":true,"time":298,"type":"block"},{"angle":-292.5,"time":298.5,"type":"block"},{"angle":-337.5,"angle2":-382.5,"time":299,"type":"hold","startTap":true,"holdEase":"inQuad","duration":0.75},{"angle":0,"angle2":-45,"time":299,"type":"hold","startTap":true,"holdEase":"inQuad","duration":0.74999994039536},{"angle":-22.5,"angle2":90,"time":300,"type":"hold","startTap":true,"holdEase":"outQuad","duration":1.5},{"angle":-45,"angle2":67.5,"time":300,"type":"hold","startTap":true,"holdEase":"outQuad","duration":1.5},{"angle":45,"tap":true,"time":302,"type":"block"},{"angle":360,"tap":true,"time":302,"type":"block"},{"angle":90,"tap":true,"time":303,"type":"block"},{"angle":112.5,"tap":true,"time":303,"type":"block"},{"angle":225,"tap":true,"time":304,"type":"block"},{"angle":247.5,"tap":true,"time":304,"type":"block"},{"angle":56.25,"time":306.625,"type":"block"},{"angle":45,"time":306.5,"type":"block"},{"angle":360,"tap":true,"time":306,"type":"block"},{"angle":45,"time":306.75,"type":"block"},{"angle":22.5,"tap":true,"time":307,"type":"block"},{"angle":67.5,"time":307.5,"type":"block"},{"angle":112.5,"tap":true,"time":308,"type":"block"},{"angle":67.5,"time":308.5,"type":"block"},{"angle":22.5,"time":309,"type":"block"},{"angle":11.25,"time":309.125,"type":"block"},{"angle":22.5,"time":309.25,"type":"block"},{"angle":45,"time":309.5,"type":"block"},{"angle":90,"tap":true,"time":310,"type":"block"},{"angle":135,"time":310.5,"type":"block"},{"angle":146.25,"time":310.625,"type":"block"},{"angle":157.5,"time":310.75,"type":"block"},{"angle":202.5,"tap":true,"time":311,"type":"block"},{"angle":225,"time":311.5,"type":"block"},{"angle":180,"tap":true,"time":312,"type":"block"},{"angle":157.5,"time":312.25,"type":"block"},{"angle":135,"time":312.5,"type":"block"},{"angle":112.5,"time":312.75,"type":"block"},{"angle":90,"time":313,"type":"block"},{"angle":112.5,"time":313.25,"type":"block"},{"angle":135,"tap":true,"time":313.5,"type":"block"},{"angle":90,"tap":true,"time":314,"type":"block"},{"angle":67.5,"time":314.25,"type":"block"},{"angle":45,"time":314.5,"type":"block"},{"angle":22.5,"time":314.75,"type":"block"},{"angle":45,"time":315,"type":"block"},{"angle":22.5,"time":315.25,"type":"block"},{"angle":0,"tap":true,"time":315.5,"type":"block"},{"angle":5.625,"time":315.4375,"type":"block"},{"angle":315,"tap":true,"time":316,"type":"block"},{"angle":292.5,"time":316.25,"type":"block"},{"angle":270,"time":316.5,"type":"block"},{"angle":247.5,"time":316.75,"type":"block"},{"angle":270,"time":317,"type":"block"},{"angle":247.5,"time":317.25,"type":"block"},{"angle":225,"tap":true,"time":317.5,"type":"block"},{"angle":270,"tap":true,"time":318,"type":"block"},{"angle":315,"time":318.5,"type":"block"},{"angle":0,"tap":true,"time":319,"type":"block"},{"angle":45,"time":319.5,"type":"block"},{"angle":0,"tap":true,"time":320,"type":"block"},{"angle":292.5,"time":320.5,"type":"block"},{"angle":337.5,"tap":true,"time":321,"type":"block"},{"angle":270,"time":321.5,"type":"block"},{"angle":315,"angle2":427.5,"time":322,"duration":1,"endTap":true,"startTap":true,"type":"hold"},{"angle":112.5,"time":323.5,"type":"block"},{"angle":101.25,"time":323.4375,"type":"block"},{"angle":157.5,"tap":true,"time":324,"type":"block"},{"angle":112.5,"time":324.5,"type":"block"},{"angle":67.5,"tap":true,"time":325,"type":"block"},{"angle":22.5,"time":325.5,"type":"block"},{"angle":90,"tap":true,"time":326,"type":"block"},{"angle":157.5,"time":326.5,"type":"block"},{"angle":146.25,"time":326.375,"type":"block"},{"angle":90,"tap":true,"time":327,"type":"block"},{"angle":101.25,"time":326.875,"type":"block"},{"angle":45,"time":327.5,"type":"block"},{"angle":360,"angle2":270,"time":328,"type":"hold","startTap":true,"holdEase":"outQuad","duration":1.5},{"angle":315,"tap":true,"time":330,"type":"block"},{"angle":0,"time":330.5,"type":"block"},{"angle":45,"angle2":0,"time":331,"type":"hold","startTap":true,"holdEase":"outSine","duration":0.75},{"angle":360,"tap":true,"time":332,"type":"block"}]