{"events":[{"angle":292.5,"volume":1,"time":-0,"file":"Field of Hopes and Dreams.ogg","bpm":124.86000061035,"offset":0.18500000238419,"type":"play"},{"angle":90,"time":-1,"enable":false,"var":"vfx.drawUI","type":"setBoolean"},{"r":17,"ease":"linear","b":151,"duration":2,"angle":22.5,"time":0,"color":3,"type":"setColor","g":31},{"id":"SongText","x":200,"y":10,"hide":true,"sx":1,"sy":1,"time":-0.5,"angle":0,"sprite":"SongText.png","type":"deco"},{"r":255,"ease":"linear","b":255,"duration":2,"angle":45,"time":0,"color":2,"type":"setColor","g":255},{"angle":22.5,"time":-1,"type":"setColor","b":0,"color":2,"r":0,"g":0},{"angle":45,"time":-1,"type":"setColor","b":0,"color":3,"r":0,"g":0},{"r":0,"ease":"linear","b":0,"duration":2,"angle":22.5,"time":8.25,"color":3,"type":"setColor","g":0},{"r":0,"ease":"linear","b":0,"duration":2,"angle":45,"time":8.25,"color":2,"type":"setColor","g":0},{"angle":247.5,"time":0,"type":"setColor","b":218,"color":1,"r":255,"g":172},{"r":255,"ease":"linear","b":255,"duration":0.75,"angle":270,"time":0.0010000000474975,"color":1,"type":"setColor","g":255},{"angle":360,"time":-1,"type":"setColor","b":255,"color":1,"r":255,"g":255},{"angle":337.5,"time":-1,"type":"setColor","b":0,"color":0,"r":0,"g":0},{"order":0,"r":228,"b":255,"angle":247.5,"time":1.5,"color":1,"type":"setColor","g":172},{"order":1,"r":255,"ease":"linear","b":255,"duration":0.75,"angle":270,"time":1.5,"color":1,"type":"setColor","g":255},{"order":0,"r":255,"b":218,"angle":247.5,"time":2,"color":1,"type":"setColor","g":172},{"order":1,"r":255,"ease":"linear","b":255,"duration":0.75,"angle":270,"time":2,"color":1,"type":"setColor","g":255},{"order":0,"r":228,"b":255,"angle":247.5,"time":3.5,"color":1,"type":"setColor","g":172},{"order":1,"r":255,"ease":"linear","b":255,"duration":0.75,"angle":270,"time":3.5,"color":1,"type":"setColor","g":255},{"order":0,"r":255,"b":218,"angle":247.5,"time":4,"color":1,"type":"setColor","g":172},{"order":1,"r":255,"ease":"linear","b":255,"duration":0.75,"angle":270,"time":4,"color":1,"type":"setColor","g":255},{"angle":337.5,"time":5.5,"type":"setColor","b":255,"color":1,"r":228,"g":172},{"r":255,"ease":"linear","b":255,"duration":0.75,"angle":360,"time":5.5009999275208,"color":1,"type":"setColor","g":255},{"angle":337.5,"time":6,"type":"setColor","b":218,"color":1,"r":255,"g":172},{"r":255,"ease":"linear","b":255,"duration":0.75,"angle":360,"time":6.0010000000475,"color":1,"type":"setColor","g":255},{"angle":337.5,"time":7,"type":"setColor","b":255,"color":1,"r":228,"g":172},{"r":255,"ease":"linear","b":255,"duration":0.75,"angle":360,"time":7.00100004673,"color":1,"type":"setColor","g":255},{"angle":337.5,"time":8,"type":"setColor","b":218,"color":1,"r":255,"g":172},{"r":255,"ease":"linear","b":255,"duration":0.75,"angle":360,"time":8.0010000000475,"color":1,"type":"setColor","g":255},{"angle":382.5,"time":9.5,"type":"setColor","b":255,"color":1,"r":228,"g":172},{"r":255,"ease":"linear","b":255,"duration":0.75,"angle":405,"time":9.50100004673,"color":1,"type":"setColor","g":255},{"angle":382.5,"time":10,"type":"setColor","b":218,"color":1,"r":255,"g":172},{"r":255,"ease":"linear","b":255,"duration":0.75,"angle":405,"time":10.001000000047,"color":1,"type":"setColor","g":255},{"angle":382.5,"time":11.5,"type":"setColor","b":255,"color":1,"r":228,"g":172},{"r":255,"ease":"linear","b":255,"duration":0.75,"angle":405,"time":11.50100004673,"color":1,"type":"setColor","g":255},{"angle":382.5,"time":12,"type":"setColor","b":218,"color":1,"r":255,"g":172},{"r":255,"ease":"linear","b":255,"duration":0.75,"angle":405,"time":12.001000000047,"color":1,"type":"setColor","g":255},{"angle":427.5,"time":13.5,"type":"setColor","b":255,"color":1,"r":228,"g":172},{"r":255,"ease":"linear","b":255,"duration":0.75,"angle":450,"time":13.50100004673,"color":1,"type":"setColor","g":255},{"angle":427.5,"time":14,"type":"setColor","b":218,"color":1,"r":255,"g":172},{"r":255,"ease":"linear","b":255,"duration":0.75,"angle":450,"time":14.001000000047,"color":1,"type":"setColor","g":255},{"angle":427.5,"time":15,"type":"setColor","b":255,"color":1,"r":228,"g":172},{"r":255,"ease":"linear","b":255,"duration":0.75,"angle":450,"time":15.00100004673,"color":1,"type":"setColor","g":255},{"angle":427.5,"time":16,"type":"setColor","b":218,"color":1,"r":255,"g":172},{"r":255,"ease":"linear","b":255,"duration":0.75,"angle":450,"time":16.001000000047,"color":1,"type":"setColor","g":255},{"r":0,"ease":"linear","b":0,"duration":2,"angle":-247.5,"time":24.25,"color":3,"type":"setColor","g":0},{"r":0,"ease":"linear","b":0,"duration":2,"angle":-225,"time":24.25,"color":2,"type":"setColor","g":0},{"angle":-22.5,"time":17.5,"type":"setColor","b":255,"color":1,"r":228,"g":172},{"r":255,"ease":"linear","b":255,"duration":0.75,"angle":0,"time":17.50100004673,"color":1,"type":"setColor","g":255},{"angle":-22.5,"time":18,"type":"setColor","b":218,"color":1,"r":255,"g":172},{"r":255,"ease":"linear","b":255,"duration":0.75,"angle":0,"time":18.001000000048,"color":1,"type":"setColor","g":255},{"angle":-22.5,"time":19.5,"type":"setColor","b":255,"color":1,"r":228,"g":172},{"r":255,"ease":"linear","b":255,"duration":0.75,"angle":0,"time":19.50100004673,"color":1,"type":"setColor","g":255},{"angle":-22.5,"time":20,"type":"setColor","b":218,"color":1,"r":255,"g":172},{"r":255,"ease":"linear","b":255,"duration":0.75,"angle":0,"time":20.001000000048,"color":1,"type":"setColor","g":255},{"angle":67.5,"time":21.5,"type":"setColor","b":255,"color":1,"r":228,"g":172},{"r":255,"ease":"linear","b":255,"duration":0.75,"angle":90,"time":21.50100004673,"color":1,"type":"setColor","g":255},{"angle":67.5,"time":22,"type":"setColor","b":218,"color":1,"r":255,"g":172},{"r":255,"ease":"linear","b":255,"duration":0.75,"angle":90,"time":22.001000000048,"color":1,"type":"setColor","g":255},{"angle":67.5,"time":23,"type":"setColor","b":255,"color":1,"r":228,"g":172},{"r":255,"ease":"linear","b":255,"duration":0.75,"angle":90,"time":23.00100004673,"color":1,"type":"setColor","g":255},{"angle":67.5,"time":24,"type":"setColor","b":218,"color":1,"r":255,"g":172},{"r":255,"ease":"linear","b":255,"duration":0.75,"angle":90,"time":24.001000000047,"color":1,"type":"setColor","g":255},{"angle":112.5,"time":25.5,"type":"setColor","b":255,"color":1,"r":228,"g":172},{"r":255,"ease":"linear","b":255,"duration":0.75,"angle":135,"time":25.50100004673,"color":1,"type":"setColor","g":255},{"angle":112.5,"time":26,"type":"setColor","b":218,"color":1,"r":255,"g":172},{"r":255,"ease":"linear","b":255,"duration":0.75,"angle":135,"time":26.001000000047,"color":1,"type":"setColor","g":255},{"angle":112.5,"time":27.5,"type":"setColor","b":255,"color":1,"r":228,"g":172},{"r":255,"ease":"linear","b":255,"duration":0.75,"angle":135,"time":27.50100004673,"color":1,"type":"setColor","g":255},{"angle":112.5,"time":28,"type":"setColor","b":218,"color":1,"r":255,"g":172},{"r":255,"ease":"linear","b":255,"duration":0.75,"angle":135,"time":28.001000000047,"color":1,"type":"setColor","g":255},{"angle":157.5,"time":29.5,"type":"setColor","b":255,"color":1,"r":228,"g":172},{"r":255,"ease":"linear","b":255,"duration":0.75,"angle":180,"time":29.500999450684,"color":1,"type":"setColor","g":255},{"angle":315,"value":-60,"time":-1,"var":"vfx.angleTwist.offset","type":"ease"},{"angle":67.5,"value":0,"time":27,"ease":"inCirc","duration":3,"var":"vfx.angleTwist.offset","type":"ease"},{"angle":45,"value":2,"time":27,"ease":"inCirc","duration":3,"var":"scrollSpeed","type":"ease"},{"angle":90,"value":1.5,"time":30,"ease":"outCirc","duration":0.5,"var":"scrollSpeed","type":"ease"},{"r":0,"b":0,"duration":0.5,"angle":67.5,"time":30,"color":0,"type":"setColor","g":0},{"id":"SongText","x":180,"y":10,"hide":true,"sx":1,"sy":1,"time":12,"angle":315,"sprite":"SongText.png","type":"deco"},{"angle":112.5,"value":1.3999999761581,"time":27,"ease":"inCirc","duration":3,"var":"vfx.canvPos.sx","type":"ease"},{"angle":135,"value":1.3999999761581,"time":27,"ease":"inCirc","duration":3,"var":"vfx.canvPos.sy","type":"ease"},{"angle":247.5,"time":32,"g":32,"b":64,"color":1,"r":32,"type":"setColor"},{"angle":258.75,"time":32,"type":"setColor","b":0,"color":0,"r":0,"g":0},{"angle":0,"time":32,"enable":true,"color":2,"type":"outline"},{"angle":281.25,"value":2,"time":32,"ease":"outExpo","duration":1,"var":"scrollSpeed","type":"ease"},{"angle":292.5,"value":1,"time":32,"var":"vfx.canvPos.sx","type":"ease"},{"angle":303.75,"value":1,"time":32,"var":"vfx.canvPos.sy","type":"ease"},{"angle":11.25,"time":32,"enable":true,"var":"vfx.drawUI","type":"setBoolean"},{"angle":60,"time":304,"enable":false,"var":"vfx.drawUI","type":"setBoolean"},{"angle":90,"value":1,"time":301,"ease":"inCirc","duration":3,"var":"scrollSpeed","type":"ease"},{"angle":45,"time":304,"color":0,"type":"setBgColor"},{"angle":150,"value":-60,"time":304,"start":60,"duration":20,"var":"vfx.angleTwist.offset","type":"ease"},{"order":0,"r":255,"b":218,"angle":195,"time":304,"color":1,"type":"setColor","g":172},{"order":1,"r":255,"ease":"linear","b":255,"duration":0.75,"angle":210,"time":304,"color":1,"type":"setColor","g":255},{"value":0.69999998807907,"start":0,"var":"vfx.flashStrength","duration":3,"angle":90,"time":27,"ease":"inSine","type":"ease"},{"angle":112.5,"value":0,"time":30,"ease":"linear","duration":0.5,"var":"vfx.flashStrength","type":"ease"},{"value":0,"start":0.75,"var":"vfx.flashStrength","duration":4,"angle":315,"time":32,"ease":"outSine","type":"ease"},{"id":"SongText","ease":"outCirc","x":180,"y":10,"duration":2,"sx":1,"sy":1,"time":0,"sprite":"SongText.png","hide":false,"angle":337.5,"type":"deco"},{"angle":315,"value":60,"time":-0,"ease":"inOutSine","duration":24,"var":"vfx.angleTwist.offset","type":"ease"},{"id":"SongText","ease":"inCirc","x":160,"y":10,"hide":false,"angle":360,"sy":1,"time":8.25,"sprite":"SongText.png","duration":2,"sx":1,"type":"deco"},{"angle":90,"value":1.2000000476837,"time":124,"ease":"inOutSine","duration":4,"var":"scrollSpeed","type":"ease"},{"angle":315,"value":2,"time":158,"ease":"inCubic","duration":2,"var":"scrollSpeed","type":"ease"},{"value":0,"start":0.75,"var":"vfx.flashStrength","duration":4,"angle":135,"time":160,"ease":"outSine","type":"ease"},{"angle":90,"value":1,"time":196,"ease":"inOutSine","duration":4,"var":"scrollSpeed","type":"ease"},{"angle":90,"value":2,"time":204,"ease":"inExpo","duration":4,"var":"scrollSpeed","type":"ease"},{"value":0,"start":0.75,"var":"vfx.flashStrength","duration":4,"angle":135,"time":208,"ease":"outSine","type":"ease"},{"angle":-67.5,"value":1.2000000476837,"time":300,"ease":"inOutSine","duration":4,"var":"scrollSpeed","type":"ease"},{"angle":112.5,"value":0.80000001192093,"time":301,"ease":"inCirc","duration":3,"var":"vfx.flashStrength","type":"ease"},{"angle":165,"value":0,"time":304,"type":"ease","var":"vfx.flashStrength","duration":0},{"angle":75,"time":304,"enable":false,"color":0,"type":"outline"},{"angle":0,"time":333.5,"type":"showResults"},{"angle":45,"value":0,"time":324,"ease":"inOutSine","duration":6,"var":"vfx.angleTwist.offset","type":"ease"},{"order":0,"r":228,"b":255,"angle":270,"time":306,"color":1,"type":"setColor","g":172},{"order":1,"r":255,"ease":"linear","b":255,"duration":0.75,"angle":292.5,"time":306,"color":1,"type":"setColor","g":255},{"order":0,"r":255,"b":218,"angle":270,"time":307,"color":1,"type":"setColor","g":172},{"order":1,"r":255,"ease":"linear","b":255,"duration":0.75,"angle":292.5,"time":307,"color":1,"type":"setColor","g":255},{"order":0,"r":228,"b":255,"angle":270,"time":308,"color":1,"type":"setColor","g":172},{"order":1,"r":255,"ease":"linear","b":255,"duration":0.75,"angle":292.5,"time":308,"color":1,"type":"setColor","g":255},{"order":0,"r":255,"b":218,"angle":270,"time":310,"color":1,"type":"setColor","g":172},{"order":1,"r":255,"ease":"linear","b":255,"duration":0.75,"angle":292.5,"time":310,"color":1,"type":"setColor","g":255},{"order":0,"r":228,"b":255,"angle":270,"time":311,"color":1,"type":"setColor","g":172},{"order":1,"r":255,"ease":"linear","b":255,"duration":0.75,"angle":292.5,"time":311,"color":1,"type":"setColor","g":255},{"order":0,"r":255,"b":218,"angle":270,"time":312,"color":1,"type":"setColor","g":172},{"order":1,"r":255,"ease":"linear","b":255,"duration":0.75,"angle":292.5,"time":312,"color":1,"type":"setColor","g":255},{"angle":180,"time":304,"type":"setColor","b":0,"color":0,"r":0,"g":0},{"order":0,"r":255,"b":218,"angle":270,"time":313.5,"color":1,"type":"setColor","g":172},{"order":1,"r":255,"ease":"linear","b":255,"duration":0.75,"angle":292.5,"time":313.5,"color":1,"type":"setColor","g":255},{"order":0,"r":228,"b":255,"angle":270,"time":314,"color":1,"type":"setColor","g":172},{"order":1,"r":255,"ease":"linear","b":255,"duration":0.75,"angle":292.5,"time":314,"color":1,"type":"setColor","g":255},{"order":0,"r":255,"b":218,"angle":427.5,"time":315.5,"color":1,"type":"setColor","g":172},{"order":1,"r":255,"ease":"linear","b":255,"duration":0.75,"angle":450,"time":315.5,"color":1,"type":"setColor","g":255},{"order":0,"r":228,"b":255,"angle":427.5,"time":316,"color":1,"type":"setColor","g":172},{"order":1,"r":255,"ease":"linear","b":255,"duration":0.75,"angle":450,"time":316,"color":1,"type":"setColor","g":255},{"order":0,"r":255,"b":218,"angle":360,"time":317.5,"color":1,"type":"setColor","g":172},{"order":1,"r":255,"ease":"linear","b":255,"duration":0.75,"angle":382.5,"time":317.5,"color":1,"type":"setColor","g":255},{"order":0,"r":228,"b":255,"angle":360,"time":318,"color":1,"type":"setColor","g":172},{"order":1,"r":255,"ease":"linear","b":255,"duration":0.75,"angle":382.5,"time":318,"color":1,"type":"setColor","g":255},{"order":0,"r":255,"b":218,"angle":247.5,"time":319,"color":1,"type":"setColor","g":172},{"order":1,"r":255,"ease":"linear","b":255,"duration":0.75,"angle":270,"time":319,"color":1,"type":"setColor","g":255},{"order":0,"r":228,"b":255,"angle":247.5,"time":320,"color":1,"type":"setColor","g":172},{"order":1,"r":255,"ease":"linear","b":255,"duration":0.75,"angle":270,"time":320,"color":1,"type":"setColor","g":255},{"order":0,"r":255,"b":218,"angle":247.5,"time":321,"color":1,"type":"setColor","g":172},{"order":1,"r":255,"ease":"linear","b":255,"duration":0.75,"angle":270,"time":321,"color":1,"type":"setColor","g":255},{"order":0,"r":228,"b":255,"angle":247.5,"time":322,"color":1,"type":"setColor","g":172},{"order":1,"r":255,"ease":"linear","b":255,"duration":0.75,"angle":270,"time":322,"color":1,"type":"setColor","g":255},{"order":0,"r":255,"b":218,"angle":247.5,"time":323,"color":1,"type":"setColor","g":172},{"order":1,"r":255,"ease":"linear","b":255,"duration":0.75,"angle":270,"time":323,"color":1,"type":"setColor","g":255},{"order":0,"r":228,"b":255,"angle":247.5,"time":324,"color":1,"type":"setColor","g":172},{"order":1,"r":255,"ease":"linear","b":255,"duration":0.75,"angle":270,"time":324,"color":1,"type":"setColor","g":255},{"order":0,"r":255,"b":218,"angle":247.5,"time":325,"color":1,"type":"setColor","g":172},{"order":1,"r":255,"ease":"linear","b":255,"duration":0.75,"angle":270,"time":325,"color":1,"type":"setColor","g":255},{"order":0,"r":228,"b":255,"angle":247.5,"time":326,"color":1,"type":"setColor","g":172},{"order":1,"r":255,"ease":"linear","b":255,"duration":0.75,"angle":270,"time":326,"color":1,"type":"setColor","g":255},{"order":0,"r":255,"b":218,"angle":247.5,"time":327,"color":1,"type":"setColor","g":172},{"order":1,"r":255,"ease":"linear","b":255,"duration":0.75,"angle":270,"time":327,"color":1,"type":"setColor","g":255},{"order":0,"r":228,"b":255,"angle":247.5,"time":328,"color":1,"type":"setColor","g":172},{"order":1,"r":255,"ease":"linear","b":255,"duration":0.75,"angle":270,"time":328,"color":1,"type":"setColor","g":255},{"order":0,"r":255,"b":218,"angle":247.5,"time":330,"color":1,"type":"setColor","g":172},{"order":1,"r":255,"ease":"linear","b":255,"duration":0.75,"angle":270,"time":330,"color":1,"type":"setColor","g":255},{"order":0,"r":228,"b":255,"angle":247.5,"time":331,"color":1,"type":"setColor","g":172},{"order":1,"r":255,"ease":"linear","b":255,"duration":0.75,"angle":270,"time":331,"color":1,"type":"setColor","g":255},{"angle":236.25,"time":32,"g":32,"b":64,"color":2,"r":224,"type":"setColor"},{"angle":225,"time":32,"type":"setColor","b":128,"color":3,"r":160,"g":0},{"angle":326.25,"value":1,"time":32,"var":"p.fillColor","type":"ease"},{"angle":213.75,"time":32,"g":0,"b":128,"color":4,"r":192,"type":"setColor"},{"angle":202.5,"time":32,"g":18,"b":143,"color":5,"r":71,"type":"setColor"},{"angle":191.25,"time":32,"type":"setColor","b":193,"color":6,"r":108,"g":6},{"angle":180,"time":32,"g":16,"b":92,"color":7,"r":42,"type":"setColor"},{"angle":337.5,"value":3,"time":32,"var":"p.outlineColor","type":"ease"},{"angle":348.75,"value":3,"time":32,"var":"p.faceColor","type":"ease"},{"angle":105,"value":0,"time":304,"var":"p.fillColor","type":"ease"},{"angle":120,"value":1,"time":304,"var":"p.outlineColor","type":"ease"},{"angle":135,"value":-1,"time":304,"var":"p.faceColor","type":"ease"},{"r":0,"b":0,"angle":270,"time":32,"description":"","name":"Drop Part 1","type":"bookmark","g":0},{"r":0,"b":0,"angle":90,"time":160,"description":"","name":"Drop part 2","type":"bookmark","g":0},{"r":0,"b":0,"angle":270,"time":208,"description":"","name":"Drop part 3","type":"bookmark","g":0},{"r":0,"b":0,"angle":30,"time":208,"description":"","name":"Section","type":"bookmark","g":0},{"r":0,"b":0,"angle":90,"time":304,"description":"","name":"End","type":"bookmark","g":0},{"id":"grass","y":200,"hide":true,"angle":168.75,"sprite":"grass.png","time":31,"drawLayer":"bg","drawOrder":1,"ox":300,"oy":-78,"type":"deco"},{"order":0,"id":"grass","x":-900,"hide":false,"angle":168.75,"time":32,"duration":272,"type":"deco"},{"angle":30,"id":"grass","time":304,"hide":true,"type":"deco"},{"order":1,"id":"grass","ease":"outCirc","y":180,"duration":4,"angle":157.5,"time":32,"type":"deco"},{"id":"trees","drawOrder":0,"hide":true,"angle":146.25,"sprite":"trees.png","time":31,"drawLayer":"bg","y":200,"oy":90,"ox":350,"type":"deco"},{"order":0,"id":"trees","ease":"outCirc","y":175,"duration":4,"angle":135,"sprite":"trees.png","time":32,"hide":false,"type":"deco"},{"order":0,"id":"trees","x":-200,"hide":false,"angle":146.25,"sprite":"trees.png","time":32,"duration":272,"type":"deco"}],"metadata":{"lightWarning":false,"charter":"Random22","artist":"Toby Fox","bpm":125,"difficulty":6,"bg":true,"artistLink":"","bgData":{"magentaChannel":{"b":128,"r":64,"g":32},"image":"Tree.png","cyanChannel":{"b":255,"r":255,"g":255},"redChannel":{"b":64,"r":224,"g":32},"blueChannel":{"b":64,"r":32,"g":32},"greenChannel":{"b":128,"r":192,"g":0},"yellowChannel":{"b":128,"r":160,"g":0}},"songName":"Field of Hopes and Dreams","description":"Now your adventure will truly begin.\n\n\nMechanics used: Sides"},"properties":{"loadBeat":-1,"speed":70,"offset":8,"formatversion":14}}